Temperature,Humidity,PM2.5,PM10,NO2,SO2,CO,Proximity_to_Industrial_Areas,Population_Density,Actual Label,Predicted Class,Class Probabilities
28.2,74.4,3.0,9.7,15.6,3.1,1.01,13.2,419.0,3 (Good),3 (Good),"[2.2653410269413143e-05, 2.5554951207595877e-05, 0.00046008016215637326, 0.9994916915893555]"
19.2,50.8,9.6,11.7,23.3,4.7,1.04,10.1,392.0,3 (Good),3 (Good),"[7.169859600253403e-05, 8.778925985097885e-05, 0.0021143334452062845, 0.9977261424064636]"
31.9,68.5,7.2,19.3,20.7,1.9,1.46,12.4,537.0,2 (Moderate),2 (Moderate),"[0.0009376957314088941, 0.021176034584641457, 0.9012122750282288, 0.07667399197816849]"
35.2,67.4,32.5,44.7,28.7,7.7,2.64,3.7,654.0,1 (Poor),1 (Poor),"[0.1969146728515625, 0.7906539440155029, 0.012219171971082687, 0.0002122637815773487]"
28.9,53.4,5.4,22.0,26.2,18.6,1.44,6.7,449.0,2 (Moderate),2 (Moderate),"[0.00037874968256801367, 0.06083529070019722, 0.9368023872375488, 0.0019835480488836765]"
27.3,43.5,36.1,38.6,21.8,7.2,1.06,19.7,479.0,3 (Good),3 (Good),"[0.00025658286176621914, 0.00031102419598028064, 0.004794886335730553, 0.9946375489234924]"
34.0,63.3,3.0,23.6,28.6,14.2,2.07,10.1,548.0,1 (Poor),1 (Poor),"[0.016947686672210693, 0.6986700892448425, 0.2827461361885071, 0.0016360696172341704]"
23.6,69.5,2.6,7.0,19.5,6.3,1.12,14.7,512.0,3 (Good),3 (Good),"[0.00016223613056354225, 0.00020835900795646012, 0.0029694545082747936, 0.9966599941253662]"
51.4,108.7,2.1,20.6,27.1,11.8,2.03,2.6,744.0,0 (Hazardous),0 (Hazardous),"[0.7619847059249878, 0.23767539858818054, 0.0003034394176211208, 3.639181159087457e-05]"
36.7,99.0,4.2,19.4,32.1,18.7,2.38,3.9,675.0,1 (Poor),1 (Poor),"[0.4154090881347656, 0.5811898708343506, 0.0032754484564065933, 0.00012562285701278597]"
29.9,67.5,1.6,8.5,30.0,12.8,1.45,5.1,615.0,2 (Moderate),2 (Moderate),"[0.00029964253189973533, 0.0552961491048336, 0.9430452585220337, 0.0013589787995442748]"
21.8,79.6,7.1,16.8,14.5,6.0,0.91,10.8,455.0,3 (Good),3 (Good),"[3.738575833267532e-05, 4.237161192577332e-05, 0.0007088105194270611, 0.9992114305496216]"
20.1,67.0,1.9,8.8,26.6,6.5,1.06,12.6,383.0,3 (Good),3 (Good),"[0.00010966121772071347, 0.00013251265045255423, 0.0026140925474464893, 0.9971436858177185]"
38.5,81.3,43.9,52.4,39.8,8.6,1.55,3.5,670.0,1 (Poor),1 (Poor),"[0.04994020238518715, 0.8629667162895203, 0.08633781224489212, 0.000755174842197448]"
32.2,84.1,4.3,13.3,20.1,12.6,1.38,6.7,401.0,2 (Moderate),2 (Moderate),"[3.0938623240217566e-05, 0.00909033790230751, 0.9895603656768799, 0.0013184275012463331]"
31.2,75.9,57.6,80.4,38.9,28.6,2.15,3.4,463.0,1 (Poor),1 (Poor),"[0.3801557421684265, 0.6167281270027161, 0.003034948604181409, 8.108492329483852e-05]"
27.3,42.1,0.8,9.0,26.0,9.1,1.11,10.9,201.0,3 (Good),3 (Good),"[0.0007326746708713472, 0.0009889291832223535, 0.013848301023244858, 0.9844300746917725]"
29.6,98.5,61.5,87.6,44.3,12.9,2.28,6.1,711.0,1 (Poor),1 (Poor),"[0.3995012044906616, 0.5940313935279846, 0.0061498344875872135, 0.0003175640304107219]"
30.6,65.6,28.7,38.2,21.5,14.8,1.48,8.3,383.0,2 (Moderate),2 (Moderate),"[1.1968954822805244e-05, 0.0040413797833025455, 0.9946284890174866, 0.001318132970482111]"
32.0,51.9,43.7,55.7,24.3,12.1,1.41,5.1,461.0,2 (Moderate),2 (Moderate),"[0.00015380200056824833, 0.02915194258093834, 0.969578742980957, 0.00111548718996346]"
17.0,77.2,19.0,26.3,19.7,8.1,1.0,11.1,217.0,3 (Good),3 (Good),"[8.993435767479241e-05, 9.438784036319703e-05, 0.0018406272865831852, 0.9979750514030457]"
30.1,56.7,7.9,25.2,26.4,11.4,1.39,7.0,662.0,2 (Moderate),2 (Moderate),"[1.3911150745116174e-05, 0.004580521956086159, 0.9944702386856079, 0.0009354061912745237]"
35.9,70.8,30.1,48.9,35.1,10.2,1.86,4.0,671.0,1 (Poor),1 (Poor),"[0.06648934632539749, 0.8810600638389587, 0.05208694189786911, 0.0003636666224338114]"
23.6,67.9,13.6,31.3,32.5,12.4,1.48,6.2,309.0,2 (Moderate),2 (Moderate),"[6.365445005940273e-05, 0.018643811345100403, 0.9805342555046082, 0.0007582246325910091]"
40.1,93.5,51.1,54.6,27.7,13.8,2.16,8.4,400.0,1 (Poor),1 (Poor),"[0.03253806754946709, 0.8532066345214844, 0.1136283203959465, 0.0006269391160458326]"
25.9,63.5,15.9,23.5,29.6,11.2,1.44,6.0,394.0,2 (Moderate),2 (Moderate),"[2.0537456293823197e-05, 0.007645425386726856, 0.9915760159492493, 0.0007581032114103436]"
28.6,91.5,61.2,82.7,39.5,7.5,1.97,4.6,639.0,1 (Poor),1 (Poor),"[0.08397307246923447, 0.8686926364898682, 0.04695948585867882, 0.0003748902818188071]"
27.8,66.9,12.1,14.6,25.5,4.5,1.06,13.9,442.0,3 (Good),3 (Good),"[0.00023904137196950614, 0.00032106618164107203, 0.0059986175037920475, 0.9934412240982056]"
31.8,68.3,29.4,39.1,23.0,5.8,1.76,6.2,463.0,2 (Moderate),2 (Moderate),"[0.00010324472532374784, 0.024409936740994453, 0.9742302894592285, 0.0012564942007884383]"
22.9,50.1,7.0,13.7,12.1,8.4,1.09,13.6,589.0,3 (Good),3 (Good),"[7.836865734134335e-06, 7.976236702234019e-06, 0.00017469459271524101, 0.9998095631599426]"
33.8,92.2,18.0,41.1,25.2,15.7,2.11,3.7,407.0,1 (Poor),1 (Poor),"[0.05531444773077965, 0.9069831967353821, 0.03759326413273811, 0.00010914522863458842]"
40.5,76.1,52.1,80.9,35.7,10.5,2.88,7.3,640.0,0 (Hazardous),0 (Hazardous),"[0.6679731607437134, 0.33098304271698, 0.0009434418752789497, 0.00010039491462521255]"
21.4,65.3,9.9,12.7,25.5,2.5,1.01,11.7,295.0,3 (Good),3 (Good),"[1.7261247194255702e-05, 1.8982284018420614e-05, 0.0003860245633404702, 0.9995777010917664]"
23.7,60.1,12.3,21.5,16.9,4.0,0.99,14.0,253.0,3 (Good),3 (Good),"[2.987218067573849e-06, 3.1033134746394353e-06, 6.783889693906531e-05, 0.9999260902404785]"
24.3,59.4,2.9,9.1,12.2,1.8,1.07,10.1,411.0,3 (Good),3 (Good),"[3.5982757253805175e-05, 3.843899321509525e-05, 0.0008950849296525121, 0.9990304708480835]"
50.7,104.9,2.4,9.5,41.7,21.5,2.34,4.3,861.0,0 (Hazardous),0 (Hazardous),"[0.8894078135490417, 0.1105710044503212, 1.8221366190118715e-05, 3.0028761557332473e-06]"
23.8,65.2,9.9,14.2,14.6,4.9,0.97,10.7,331.0,3 (Good),3 (Good),"[1.0849385944311507e-05, 1.1330744200677145e-05, 0.00023514001804869622, 0.9997426867485046]"
36.6,69.9,46.0,59.1,46.1,6.6,1.84,3.6,649.0,1 (Poor),1 (Poor),"[0.10088971257209778, 0.8585377335548401, 0.04008336365222931, 0.0004892171127721667]"
30.6,44.2,12.0,16.4,14.7,2.9,0.99,12.1,569.0,3 (Good),3 (Good),"[2.7130497983307578e-05, 2.955938907689415e-05, 0.000593030359596014, 0.9993502497673035]"
29.6,53.4,2.6,9.9,22.2,4.6,1.09,13.7,297.0,3 (Good),3 (Good),"[0.00016466072702314705, 0.00020514256902970374, 0.0032449746504426003, 0.9963852167129517]"
26.1,58.6,22.0,32.5,25.2,3.4,1.6,7.2,494.0,2 (Moderate),2 (Moderate),"[3.682016995298909e-06, 0.0016475270967930555, 0.9974843263626099, 0.0008644621120765805]"
32.2,81.3,3.9,15.4,46.5,20.9,2.03,3.1,705.0,0 (Hazardous),1 (Poor),"[0.39273175597190857, 0.604072093963623, 0.0031101428903639317, 8.596679253969342e-05]"
29.8,76.9,5.1,11.5,29.6,3.9,1.61,5.6,358.0,2 (Moderate),2 (Moderate),"[1.179886021418497e-05, 0.005147076677531004, 0.9942012429237366, 0.000639928097371012]"
37.9,80.9,76.2,106.7,40.9,9.0,2.11,5.9,737.0,0 (Hazardous),1 (Poor),"[0.24424181878566742, 0.7417713403701782, 0.0136105390265584, 0.00037633374449796975]"
32.6,68.5,9.4,19.9,29.3,15.3,1.77,11.9,451.0,2 (Moderate),2 (Moderate),"[0.0014859192306175828, 0.16665701568126678, 0.8298572897911072, 0.0019997975323349237]"
32.8,82.7,4.4,11.3,27.7,11.4,1.58,5.2,322.0,2 (Moderate),2 (Moderate),"[0.00010287936311215162, 0.029297467321157455, 0.9697176814079285, 0.000881941057741642]"
30.9,90.8,15.0,29.6,29.0,8.3,1.38,10.3,640.0,2 (Moderate),2 (Moderate),"[0.00021460509742610157, 0.029439451172947884, 0.9672697186470032, 0.0030761598609387875]"
34.7,82.4,8.3,35.2,42.3,19.6,1.09,3.8,761.0,1 (Poor),1 (Poor),"[0.1235756054520607, 0.8572443127632141, 0.019011469557881355, 0.00016858558228705078]"
31.6,88.9,24.1,40.1,39.4,11.2,2.06,6.0,474.0,1 (Poor),1 (Poor),"[0.03240681812167168, 0.8500365614891052, 0.11688999831676483, 0.00066658656578511]"
23.3,49.0,29.4,36.6,12.6,6.6,0.82,10.7,362.0,3 (Good),3 (Good),"[8.631584023532923e-06, 7.788620678184088e-06, 0.00018743424152489752, 0.9997962117195129]"
20.8,48.5,16.0,19.7,11.2,2.5,1.17,10.2,432.0,3 (Good),3 (Good),"[7.649447798030451e-05, 7.957717753015459e-05, 0.001817435258999467, 0.998026430606842]"
26.1,68.6,8.8,14.4,16.9,1.3,1.06,11.3,424.0,3 (Good),3 (Good),"[2.518634391890373e-05, 2.9033930331934243e-05, 0.0006140381447039545, 0.9993316531181335]"
28.3,39.7,52.1,56.7,28.9,0.6,0.99,15.1,384.0,3 (Good),3 (Good),"[0.0005161658627912402, 0.0006247665733098984, 0.006426419597119093, 0.9924325942993164]"
24.2,41.4,22.6,31.1,24.7,3.7,1.05,11.2,257.0,3 (Good),3 (Good),"[0.00013754813699051738, 0.00016603661060798913, 0.0029429795686155558, 0.9967533946037292]"
29.4,63.9,9.3,12.2,19.1,6.7,0.95,11.0,315.0,3 (Good),3 (Good),"[5.019174932385795e-05, 6.364302680594847e-05, 0.0014154795790091157, 0.9984707236289978]"
42.3,70.8,18.7,35.2,28.1,20.8,2.21,3.9,651.0,1 (Poor),1 (Poor),"[0.17779004573822021, 0.8089985847473145, 0.013027196750044823, 0.00018421633285470307]"
31.0,66.7,5.9,19.3,29.4,14.0,1.44,5.4,633.0,2 (Moderate),2 (Moderate),"[0.001080125686712563, 0.13503842055797577, 0.8620330095291138, 0.001848369836807251]"
32.1,89.0,1.0,18.5,32.4,9.8,1.95,6.8,545.0,1 (Poor),1 (Poor),"[0.013099747709929943, 0.6642881631851196, 0.3214528262615204, 0.0011592766968533397]"
22.2,81.3,23.1,37.3,32.2,9.1,1.39,5.6,576.0,2 (Moderate),2 (Moderate),"[0.000136051545268856, 0.03402901068329811, 0.9651439785957336, 0.0006908615469001234]"
33.0,79.1,3.4,10.9,12.2,5.7,0.98,11.1,213.0,3 (Good),3 (Good),"[0.00011453913612058386, 0.00013403783668763936, 0.002463320270180702, 0.9972881078720093]"
43.3,95.1,20.3,53.0,37.9,21.0,2.08,6.3,581.0,0 (Hazardous),0 (Hazardous),"[0.6080045104026794, 0.3906010091304779, 0.0012747079599648714, 0.00011982888827333227]"
28.6,88.5,0.4,11.6,20.1,16.8,1.93,8.8,657.0,2 (Moderate),2 (Moderate),"[0.006633381824940443, 0.4336991310119629, 0.5578005313873291, 0.001866889069788158]"
39.8,63.6,5.0,19.4,25.1,7.4,2.27,4.5,681.0,1 (Poor),1 (Poor),"[0.06461003422737122, 0.8909015655517578, 0.0441875085234642, 0.0003008806088473648]"
19.1,63.4,23.9,31.8,22.1,9.2,1.5,5.2,639.0,2 (Moderate),2 (Moderate),"[1.3469408258970361e-05, 0.004536709748208523, 0.9947233200073242, 0.0007265667663887143]"
34.0,75.2,46.0,57.2,45.5,15.4,3.34,6.3,601.0,0 (Hazardous),0 (Hazardous),"[0.763035237789154, 0.2366195172071457, 0.0003051554085686803, 4.0132810681825504e-05]"
37.5,49.5,9.5,14.9,21.7,7.3,1.64,5.4,654.0,2 (Moderate),2 (Moderate),"[0.0004245585296303034, 0.06496430188417435, 0.9331892728805542, 0.0014219038421288133]"
27.8,94.0,44.7,59.3,29.8,12.5,1.46,5.7,687.0,2 (Moderate),2 (Moderate),"[0.0048456802032887936, 0.3605342209339142, 0.6331668496131897, 0.0014531988417729735]"
32.7,88.6,21.4,45.0,28.7,11.7,1.96,6.0,482.0,1 (Poor),1 (Poor),"[0.020471911877393723, 0.7936170697212219, 0.18526630103588104, 0.0006447898922488093]"
22.9,71.3,6.9,12.0,11.8,3.5,1.0,13.5,485.0,3 (Good),3 (Good),"[2.3001603040029295e-06, 2.3580641936860047e-06, 5.5711465392960235e-05, 0.9999396800994873]"
26.4,77.1,20.6,24.8,24.1,12.4,1.46,6.7,576.0,2 (Moderate),2 (Moderate),"[1.2329418495937716e-05, 0.004547111224383116, 0.9945045113563538, 0.0009360095136798918]"
24.8,46.4,0.7,5.7,15.7,4.7,0.98,10.5,523.0,3 (Good),3 (Good),"[3.7444784538820386e-05, 4.181923213764094e-05, 0.000971958797890693, 0.9989487528800964]"
34.5,105.1,7.5,31.7,54.9,18.4,2.99,5.2,561.0,0 (Hazardous),0 (Hazardous),"[0.8885510563850403, 0.11142928898334503, 1.7049718735506758e-05, 2.6722079837782076e-06]"
33.9,72.8,22.7,30.8,26.1,15.3,1.98,5.6,598.0,2 (Moderate),1 (Poor),"[0.013947444967925549, 0.641704261302948, 0.34278982877731323, 0.0015585058135911822]"
22.8,92.7,22.5,44.6,27.9,26.1,2.32,4.3,732.0,1 (Poor),1 (Poor),"[0.29658082127571106, 0.6993753910064697, 0.003994337748736143, 4.9374451918993145e-05]"
34.8,70.4,28.9,46.6,35.7,14.4,1.61,4.1,805.0,1 (Poor),1 (Poor),"[0.058690182864665985, 0.8805028796195984, 0.06043468043208122, 0.0003723097615875304]"
24.8,39.8,58.4,68.2,26.5,3.7,0.93,16.5,397.0,3 (Good),3 (Good),"[0.0001768910587998107, 0.00021036685211583972, 0.0027833767235279083, 0.9968293309211731]"
31.0,76.0,64.6,88.8,43.9,4.1,2.35,4.9,804.0,1 (Poor),1 (Poor),"[0.3757782578468323, 0.6182740330696106, 0.005735001992434263, 0.00021268152340780944]"
31.6,52.0,0.7,13.8,28.7,12.1,1.45,6.5,549.0,2 (Moderate),2 (Moderate),"[3.1453884730581194e-05, 0.009108005091547966, 0.9897230863571167, 0.001137532526627183]"
30.7,77.7,36.5,46.0,24.2,9.1,1.5,6.5,345.0,2 (Moderate),2 (Moderate),"[1.5781872207298875e-05, 0.006518266629427671, 0.992669939994812, 0.0007960963994264603]"
39.6,94.6,10.4,33.3,28.4,17.3,2.11,3.8,533.0,1 (Poor),1 (Poor),"[0.15281356871128082, 0.8320044875144958, 0.015023142099380493, 0.0001588278537383303]"
31.8,60.1,14.6,27.5,23.3,10.9,1.31,7.9,679.0,2 (Moderate),2 (Moderate),"[1.0554060281720012e-05, 0.002705387305468321, 0.9956205487251282, 0.0016634989297017455]"
34.0,84.0,16.0,21.9,24.2,6.6,1.29,5.2,379.0,2 (Moderate),2 (Moderate),"[1.7371157809975557e-05, 0.006544572301208973, 0.9926758408546448, 0.0007622422417625785]"
44.7,75.6,6.6,28.3,25.7,23.5,2.1,4.1,643.0,1 (Poor),1 (Poor),"[0.19549334049224854, 0.7934514880180359, 0.010890207253396511, 0.00016493932344019413]"
36.7,44.6,2.4,5.8,28.8,18.1,1.63,8.7,502.0,1 (Poor),2 (Moderate),"[0.00043215416371822357, 0.05082239210605621, 0.9445973038673401, 0.0041481065563857555]"
35.6,82.5,1.8,11.9,20.6,14.6,1.63,10.1,672.0,2 (Moderate),2 (Moderate),"[0.0015183559153228998, 0.12822677195072174, 0.8671495318412781, 0.0031052706763148308]"
44.1,89.4,18.7,39.9,29.3,18.1,1.87,4.2,450.0,1 (Poor),1 (Poor),"[0.08932764083147049, 0.8832867741584778, 0.02719409205019474, 0.00019148332648910582]"
22.2,69.7,19.1,21.7,25.0,9.2,1.15,12.5,595.0,3 (Good),3 (Good),"[0.0011512296041473746, 0.0017987001920118928, 0.03253960609436035, 0.9645105004310608]"
27.8,72.7,9.9,16.5,16.8,7.2,1.13,11.6,589.0,3 (Good),3 (Good),"[0.0005943960277363658, 0.0008794209570623934, 0.015391670167446136, 0.9831345081329346]"
30.1,86.8,7.3,22.4,27.9,6.0,1.29,6.0,690.0,2 (Moderate),2 (Moderate),"[6.502793257823214e-05, 0.01487068273127079, 0.9837877750396729, 0.0012764170533046126]"
35.0,55.8,12.9,17.8,26.2,13.8,1.65,6.2,313.0,2 (Moderate),2 (Moderate),"[3.8723082980141044e-05, 0.01326320692896843, 0.9859246611595154, 0.0007733235834166408]"
26.4,58.4,10.6,15.2,26.4,6.8,1.0,10.0,350.0,3 (Good),3 (Good),"[0.0003662884118966758, 0.0005196194397285581, 0.012068749405443668, 0.9870453476905823]"
23.2,67.0,8.1,14.5,12.4,3.8,0.89,10.5,222.0,3 (Good),3 (Good),"[2.3564527964481385e-06, 2.329101334908046e-06, 5.452148980111815e-05, 0.9999407529830933]"
34.6,52.4,72.4,82.4,17.6,9.4,1.43,9.2,343.0,2 (Moderate),2 (Moderate),"[5.338930350262672e-06, 0.0019364237086847425, 0.9970788955688477, 0.0009794309735298157]"
29.0,57.3,6.1,9.2,17.7,4.7,0.89,10.2,600.0,3 (Good),3 (Good),"[7.393368287011981e-05, 9.27806759136729e-05, 0.0018811773043125868, 0.9979521632194519]"
25.7,78.6,6.2,10.6,22.3,3.8,0.97,10.1,322.0,3 (Good),3 (Good),"[9.535284334560856e-05, 0.0001180075341835618, 0.0023462458048015833, 0.9974403381347656]"
31.8,68.4,6.7,12.6,23.8,8.3,0.86,10.3,326.0,3 (Good),3 (Good),"[0.0003088678640779108, 0.0005100105190649629, 0.014193729497492313, 0.9849874377250671]"
26.2,77.4,38.2,52.3,25.1,14.9,1.63,5.4,435.0,1 (Poor),2 (Moderate),"[0.0018533215625211596, 0.21041344106197357, 0.7866051197052002, 0.0011281687766313553]"
40.3,110.3,21.7,36.2,43.1,23.4,2.3,5.8,746.0,0 (Hazardous),0 (Hazardous),"[0.7909459471702576, 0.20880933105945587, 0.00020938250236213207, 3.5380035114940256e-05]"
30.3,68.2,5.4,16.0,29.5,4.0,1.49,5.3,645.0,2 (Moderate),2 (Moderate),"[8.700455509824678e-05, 0.02141392044723034, 0.9775416254997253, 0.0009573911665938795]"
25.2,43.9,0.4,4.9,12.3,4.8,1.08,12.7,471.0,3 (Good),3 (Good),"[4.2045171539939474e-06, 4.085540240339469e-06, 0.00010074178862851113, 0.999890923500061]"
35.0,72.3,38.4,47.6,28.4,5.5,1.24,7.6,640.0,2 (Moderate),2 (Moderate),"[3.793323412537575e-05, 0.007537488359957933, 0.9898596405982971, 0.0025649748276919127]"
19.2,66.2,16.4,44.9,18.8,7.1,2.25,4.4,799.0,1 (Poor),1 (Poor),"[0.09870482236146927, 0.8602775931358337, 0.04079543054103851, 0.00022225423890631646]"
19.5,48.2,1.0,7.4,18.7,6.8,0.92,10.7,305.0,3 (Good),3 (Good),"[1.3288733498484362e-05, 1.3672671229869593e-05, 0.00029070430900901556, 0.9996823072433472]"
33.6,46.6,4.1,9.1,21.0,5.8,0.92,13.8,204.0,3 (Good),3 (Good),"[3.40684964612592e-05, 4.134942719247192e-05, 0.0006352331838570535, 0.9992892742156982]"
40.1,62.1,47.7,67.7,31.6,-4.1,2.54,4.9,570.0,1 (Poor),1 (Poor),"[0.15177325904369354, 0.8330003023147583, 0.01497146300971508, 0.0002549882628954947]"
22.3,53.9,28.5,47.9,30.2,12.6,1.44,5.9,614.0,2 (Moderate),2 (Moderate),"[0.0006638391059823334, 0.08574892580509186, 0.9124668836593628, 0.0011203305330127478]"
35.4,100.2,20.5,33.2,34.4,11.7,1.85,5.1,440.0,1 (Poor),1 (Poor),"[0.022949885576963425, 0.8235546946525574, 0.1528567671775818, 0.0006385993910953403]"
23.9,69.1,18.2,24.0,21.1,2.1,0.94,10.1,373.0,3 (Good),3 (Good),"[3.113261846010573e-05, 3.6889399780193344e-05, 0.0007879527984187007, 0.9991439580917358]"
27.3,48.7,18.1,24.7,12.8,4.6,1.05,10.8,224.0,3 (Good),3 (Good),"[3.438427665969357e-05, 3.748044036910869e-05, 0.0006801977287977934, 0.9992478489875793]"
28.7,73.5,14.5,28.5,23.1,9.0,1.65,6.3,530.0,2 (Moderate),2 (Moderate),"[5.198612416279502e-05, 0.015157463029026985, 0.983862578868866, 0.0009279326186515391]"
25.0,67.9,37.7,41.8,28.7,3.5,1.59,5.1,477.0,2 (Moderate),2 (Moderate),"[3.347260280861519e-05, 0.010867472738027573, 0.9882814288139343, 0.0008176330593414605]"
27.2,88.1,12.8,31.5,23.5,14.0,1.94,3.4,576.0,1 (Poor),1 (Poor),"[0.04141265153884888, 0.8999955058097839, 0.058445848524570465, 0.000145954720210284]"
34.4,107.9,18.7,33.4,37.1,15.3,1.99,5.4,388.0,1 (Poor),1 (Poor),"[0.046429309993982315, 0.889602780342102, 0.06360090523958206, 0.0003670045407488942]"
24.6,55.1,2.8,9.7,19.9,7.0,0.93,10.6,448.0,3 (Good),3 (Good),"[5.904355566599406e-05, 7.197351078502834e-05, 0.0014918935485184193, 0.9983770847320557]"
30.5,89.7,117.0,138.7,40.6,33.9,2.22,6.4,574.0,0 (Hazardous),0 (Hazardous),"[0.7013288140296936, 0.2980171740055084, 0.0005939933471381664, 6.004580791341141e-05]"
23.2,73.3,0.4,16.2,26.7,7.7,1.93,5.9,543.0,2 (Moderate),2 (Moderate),"[0.0011288479436188936, 0.1518244594335556, 0.8461219668388367, 0.0009247526759281754]"
35.9,69.9,6.2,17.2,34.0,12.5,2.18,7.0,447.0,1 (Poor),1 (Poor),"[0.017037449404597282, 0.7366501688957214, 0.24514934420585632, 0.0011630381923168898]"
30.5,85.8,29.7,46.4,27.4,11.1,1.64,6.4,605.0,1 (Poor),2 (Moderate),"[0.0033328866120427847, 0.28068777918815613, 0.7134862542152405, 0.0024930452927947044]"
37.7,73.8,16.9,36.9,40.0,25.8,2.3,5.1,451.0,1 (Poor),1 (Poor),"[0.24811549484729767, 0.7426913976669312, 0.00895423348993063, 0.00023883087851572782]"
26.3,71.6,11.6,19.8,16.7,5.3,1.05,10.7,504.0,3 (Good),3 (Good),"[0.00022182609245646745, 0.0002887226000893861, 0.005247942637652159, 0.99424147605896]"
22.2,53.1,10.4,11.7,11.8,4.9,1.0,10.1,300.0,3 (Good),3 (Good),"[1.1309105502732564e-05, 1.078576133295428e-05, 0.0002470104082021862, 0.9997308850288391]"
25.3,40.1,0.6,4.5,23.8,6.5,1.09,12.3,444.0,3 (Good),3 (Good),"[6.083405969548039e-05, 7.149468729039654e-05, 0.001643254654482007, 0.9982244372367859]"
26.5,54.9,0.9,3.5,12.6,6.1,1.01,14.5,368.0,3 (Good),3 (Good),"[1.5244373798850575e-06, 1.5283051197911846e-06, 4.038424958707765e-05, 0.9999566078186035]"
29.8,84.3,0.6,14.0,34.6,14.2,1.61,5.4,506.0,2 (Moderate),1 (Poor),"[0.009774292819201946, 0.5722877979278564, 0.4166419208049774, 0.001295917434617877]"
26.5,52.8,1.2,10.0,26.5,3.4,0.91,12.1,377.0,3 (Good),3 (Good),"[2.7502353987074457e-05, 3.189759809174575e-05, 0.0006967372028157115, 0.9992438554763794]"
28.2,90.6,17.2,27.5,32.3,17.4,2.07,9.1,680.0,1 (Poor),1 (Poor),"[0.026511339470744133, 0.7996819019317627, 0.17249394953250885, 0.0013127607526257634]"
19.8,53.7,17.0,19.9,15.9,7.0,1.04,10.8,564.0,3 (Good),3 (Good),"[5.181540473131463e-05, 5.6332537496928126e-05, 0.001169376540929079, 0.998722493648529]"
37.6,80.6,8.5,17.8,25.0,15.2,1.65,4.1,768.0,1 (Poor),1 (Poor),"[0.02626717835664749, 0.8232781887054443, 0.14978791773319244, 0.0006667284178547561]"
40.8,100.7,23.3,39.7,49.3,31.9,2.78,11.2,671.0,0 (Hazardous),0 (Hazardous),"[0.9092186093330383, 0.09076493978500366, 1.3676784874405712e-05, 2.8696053959720302e-06]"
29.3,90.5,23.9,52.4,36.4,26.3,2.02,8.9,498.0,1 (Poor),1 (Poor),"[0.13533711433410645, 0.8372253775596619, 0.026927214115858078, 0.0005102618597447872]"
19.2,69.6,5.6,15.1,15.2,4.8,1.08,10.6,509.0,3 (Good),3 (Good),"[0.00011567550973268226, 0.00014692537661176175, 0.0029094454366713762, 0.9968279004096985]"
45.9,87.5,25.7,49.6,46.2,22.1,2.86,3.5,571.0,0 (Hazardous),0 (Hazardous),"[0.905508279800415, 0.09448317438364029, 7.5912621468887664e-06, 9.943771601683693e-07]"
31.7,59.3,6.9,16.7,29.4,7.0,1.37,11.9,323.0,2 (Moderate),2 (Moderate),"[0.0008181868470273912, 0.018557308241724968, 0.9048789739608765, 0.07574549317359924]"
43.6,93.3,75.6,90.4,33.6,17.9,1.98,9.6,425.0,1 (Poor),1 (Poor),"[0.12213308364152908, 0.8415881395339966, 0.035625264048576355, 0.0006535319844260812]"
26.1,63.1,15.8,19.1,22.7,4.6,0.89,10.5,249.0,3 (Good),3 (Good),"[2.382069214945659e-05, 2.675942232599482e-05, 0.0005464979913085699, 0.9994028806686401]"
28.4,83.9,28.4,32.2,33.5,9.0,1.74,6.0,425.0,2 (Moderate),2 (Moderate),"[0.0005516020464710891, 0.08433287590742111, 0.9129875302314758, 0.0021279838401824236]"
29.2,58.3,18.1,21.8,16.9,5.3,0.98,16.0,219.0,3 (Good),3 (Good),"[1.3625558494823053e-05, 1.4544944860972464e-05, 0.0002517138491384685, 0.9997201561927795]"
30.7,50.1,23.6,44.2,28.9,12.7,1.56,6.4,659.0,2 (Moderate),2 (Moderate),"[0.0003631594590842724, 0.05105973780155182, 0.9468902945518494, 0.0016868773382157087]"
26.5,79.2,51.0,58.8,22.3,12.0,1.54,5.2,344.0,2 (Moderate),2 (Moderate),"[9.491771925240755e-05, 0.028110038489103317, 0.9711157083511353, 0.00067930604564026]"
28.0,71.0,26.7,28.4,19.4,6.0,1.07,11.1,233.0,3 (Good),3 (Good),"[0.00023347559908870608, 0.0003300015232525766, 0.006425813771784306, 0.9930106997489929]"
34.9,59.2,31.4,41.2,25.3,16.4,1.55,7.2,570.0,2 (Moderate),2 (Moderate),"[0.0006015912513248622, 0.07269613444805145, 0.9233561754226685, 0.0033460643608123064]"
37.0,76.5,22.5,35.0,38.0,26.9,2.31,3.7,774.0,1 (Poor),0 (Hazardous),"[0.6253100037574768, 0.3735635578632355, 0.001040352159179747, 8.609818905824795e-05]"
40.3,73.4,11.3,29.9,31.4,25.3,2.11,3.9,380.0,1 (Poor),1 (Poor),"[0.1054050400853157, 0.8780621290206909, 0.016407961025834084, 0.00012488207721617073]"
28.8,76.6,124.1,135.5,32.0,10.0,2.02,5.0,566.0,1 (Poor),1 (Poor),"[0.019768022000789642, 0.8138388991355896, 0.16593800485134125, 0.000455126806627959]"
25.0,56.6,3.9,10.9,16.5,4.0,1.06,11.1,583.0,3 (Good),3 (Good),"[5.236938159214333e-05, 6.121053593233228e-05, 0.0013408709783107042, 0.9985455274581909]"
26.0,45.3,5.3,12.4,27.4,7.2,0.78,18.9,546.0,3 (Good),3 (Good),"[6.0268926063145045e-06, 5.5918112593644764e-06, 0.00011001881648553535, 0.9998784065246582]"
32.2,55.6,9.9,20.0,25.2,14.1,1.75,6.1,516.0,2 (Moderate),2 (Moderate),"[0.0003790209302678704, 0.06506544351577759, 0.9329086542129517, 0.0016469453694298863]"
23.0,41.1,24.8,28.1,18.7,3.4,0.94,10.3,379.0,3 (Good),3 (Good),"[2.5939683837350458e-05, 2.6154852093895897e-05, 0.0006136050797067583, 0.9993342757225037]"
22.7,68.4,3.2,7.7,15.6,7.1,1.05,10.2,409.0,3 (Good),3 (Good),"[0.00013184960698708892, 0.00016232323832809925, 0.0029413425363600254, 0.9967644214630127]"
24.1,52.5,8.2,9.5,22.3,3.5,0.82,11.5,511.0,3 (Good),3 (Good),"[3.042730213564937e-06, 3.198652620994835e-06, 8.186844206647947e-05, 0.999911904335022]"
23.8,44.4,7.5,11.9,23.1,3.1,0.9,11.5,602.0,3 (Good),3 (Good),"[1.578026967763435e-05, 1.726108166621998e-05, 0.0004025657253805548, 0.9995643496513367]"
22.9,89.4,13.5,34.2,30.5,34.0,3.09,2.6,833.0,0 (Hazardous),0 (Hazardous),"[0.8995211720466614, 0.10047198086977005, 6.483299785031704e-06, 4.4418732159101637e-07]"
30.6,58.5,17.0,31.9,27.1,9.3,1.54,5.4,405.0,2 (Moderate),2 (Moderate),"[6.872737139929086e-05, 0.019690832123160362, 0.9793669581413269, 0.0008734631119295955]"
25.3,64.5,30.9,47.8,27.8,11.3,1.63,5.3,389.0,2 (Moderate),2 (Moderate),"[0.0012973883422091603, 0.1692533791065216, 0.8283532857894897, 0.001095916610211134]"
34.1,60.8,71.1,91.7,37.5,17.4,2.12,4.1,458.0,1 (Poor),1 (Poor),"[0.06476239114999771, 0.8976560831069946, 0.037344790995121, 0.0002366946719121188]"
24.7,56.3,2.0,5.5,13.9,4.1,0.89,12.2,510.0,3 (Good),3 (Good),"[1.067100583895808e-06, 1.0586176131255343e-06, 3.1020270398585126e-05, 0.9999668598175049]"
28.2,63.8,2.4,7.5,20.9,6.8,0.83,10.6,317.0,3 (Good),3 (Good),"[2.7765127015300095e-05, 3.146450035274029e-05, 0.0006929667433723807, 0.9992477893829346]"
24.1,55.9,32.3,39.5,14.8,2.7,1.13,17.4,567.0,3 (Good),3 (Good),"[4.164526399108581e-05, 3.8990998291410506e-05, 0.0005945119191892445, 0.9993249177932739]"
24.2,67.6,19.4,35.1,24.2,9.6,1.91,6.2,422.0,1 (Poor),2 (Moderate),"[0.0004297550767660141, 0.08005370199680328, 0.9183961153030396, 0.0011204337934032083]"
32.7,50.3,26.8,40.9,22.0,8.1,1.68,9.1,417.0,2 (Moderate),2 (Moderate),"[1.8930051737697795e-05, 0.006118784658610821, 0.9926020503044128, 0.0012602446367964149]"
36.1,100.5,100.9,108.5,33.1,14.8,2.09,5.0,769.0,1 (Poor),1 (Poor),"[0.23338128626346588, 0.7501448392868042, 0.016068188473582268, 0.00040560599882155657]"
21.9,48.7,3.6,7.0,25.1,1.1,0.99,11.2,247.0,3 (Good),3 (Good),"[7.701542017457541e-06, 8.381426596315578e-06, 0.00017774787556845695, 0.9998062252998352]"
34.9,96.9,11.4,30.2,36.5,20.3,1.89,6.8,680.0,1 (Poor),1 (Poor),"[0.10635904222726822, 0.8535552024841309, 0.03946025297045708, 0.0006256011547520757]"
28.4,76.8,22.0,33.3,20.4,10.9,1.46,5.8,552.0,2 (Moderate),2 (Moderate),"[2.010098432947416e-05, 0.007312962785363197, 0.9918993711471558, 0.0007675669621676207]"
31.3,73.7,20.3,30.7,31.5,12.5,1.76,7.3,512.0,2 (Moderate),2 (Moderate),"[0.0012084586778655648, 0.1295744776725769, 0.8653053045272827, 0.003911703824996948]"
29.5,79.8,12.8,29.8,33.2,13.3,1.1,5.9,389.0,2 (Moderate),2 (Moderate),"[8.444035483989865e-05, 0.01860971935093403, 0.9800832271575928, 0.001222546212375164]"
27.1,47.0,1.2,2.7,12.5,4.8,0.96,10.4,591.0,3 (Good),3 (Good),"[2.6318150048609823e-05, 2.8199141524964944e-05, 0.0006336525548249483, 0.9993118047714233]"
27.1,63.0,15.9,18.5,15.7,6.9,0.96,10.3,383.0,3 (Good),3 (Good),"[5.62096647627186e-05, 6.692566239507869e-05, 0.001409232965670526, 0.9984676241874695]"
41.5,91.3,79.5,93.5,30.0,12.8,1.99,10.4,561.0,1 (Poor),1 (Poor),"[0.09360639750957489, 0.8513388633728027, 0.054162122309207916, 0.0008925838628783822]"
31.1,78.4,51.7,67.9,35.6,17.5,2.24,5.6,488.0,1 (Poor),1 (Poor),"[0.0532769039273262, 0.8771272301673889, 0.06907090544700623, 0.0005248983507044613]"
45.7,100.1,2.0,21.9,31.0,10.0,2.0,4.3,477.0,1 (Poor),1 (Poor),"[0.19461865723133087, 0.7905017733573914, 0.014660429209470749, 0.00021906319307163358]"
28.5,49.4,1.0,5.9,16.6,5.6,0.93,10.6,328.0,3 (Good),3 (Good),"[1.7714510249788873e-05, 1.9119823264190927e-05, 0.0004404327482916415, 0.9995226860046387]"
22.9,75.4,4.5,10.4,18.4,3.7,0.96,14.4,359.0,3 (Good),3 (Good),"[5.148391664988594e-06, 5.208582479099277e-06, 0.00010382055188529193, 0.9998857975006104]"
24.3,79.5,9.8,12.6,26.5,5.7,1.01,12.5,280.0,3 (Good),3 (Good),"[0.0001340295420959592, 0.00016675028018653393, 0.003400643588975072, 0.996298611164093]"
24.6,65.7,0.7,3.7,15.4,5.5,1.08,10.4,211.0,3 (Good),3 (Good),"[4.943496605847031e-05, 5.5387881729984656e-05, 0.0009231133153662086, 0.9989720582962036]"
22.4,50.1,4.6,12.1,21.2,4.6,0.94,10.3,533.0,3 (Good),3 (Good),"[8.234839333454147e-05, 0.00010224232391919941, 0.0023519829846918583, 0.9974634647369385]"
39.3,94.3,8.0,31.4,47.5,19.8,1.79,4.1,827.0,1 (Poor),0 (Hazardous),"[0.726894736289978, 0.27255183458328247, 0.0004926242982037365, 6.080943421693519e-05]"
30.1,72.9,0.0,5.9,26.5,8.1,1.21,13.0,569.0,2 (Moderate),3 (Good),"[0.0032030739821493626, 0.010267344303429127, 0.2724051773548126, 0.7141243815422058]"
24.1,70.9,10.6,17.7,23.4,4.1,1.47,6.3,475.0,2 (Moderate),2 (Moderate),"[2.89608328785107e-06, 0.0013248196337372065, 0.9978547692298889, 0.0008174635004252195]"
27.7,72.5,22.7,39.6,23.6,8.4,1.43,5.1,529.0,2 (Moderate),2 (Moderate),"[8.080705447355285e-05, 0.023064061999320984, 0.9760633707046509, 0.0007916520698927343]"
22.9,61.9,41.1,54.6,27.5,3.4,1.79,5.6,464.0,2 (Moderate),2 (Moderate),"[9.60233955993317e-05, 0.02311590500175953, 0.9760227203369141, 0.0007653028587810695]"
25.9,71.0,22.1,21.8,14.4,2.3,0.93,12.5,314.0,3 (Good),3 (Good),"[1.7690266531644738e-06, 1.8131900105800014e-06, 4.4224656448932365e-05, 0.9999521970748901]"
34.7,61.7,30.8,38.5,44.7,26.7,2.31,6.4,436.0,1 (Poor),1 (Poor),"[0.13406336307525635, 0.8415447473526001, 0.023728439584374428, 0.0006634201272390783]"
28.4,80.6,7.8,11.7,14.7,4.8,0.76,10.6,366.0,3 (Good),3 (Good),"[7.891083441791125e-06, 8.21653247840004e-06, 0.00016919315385166556, 0.9998146891593933]"
27.8,90.3,11.9,20.6,33.1,10.7,1.37,6.3,533.0,2 (Moderate),2 (Moderate),"[0.00029127829475328326, 0.055882275104522705, 0.9422422051429749, 0.0015841881977394223]"
23.1,53.9,9.2,12.1,15.8,0.5,0.99,10.6,365.0,3 (Good),3 (Good),"[4.564934442896629e-06, 4.354815246188082e-06, 0.00011654873378574848, 0.999874472618103]"
25.6,42.7,5.4,8.4,19.3,4.6,0.92,10.3,418.0,3 (Good),3 (Good),"[2.4551141905249096e-05, 2.7211866836296394e-05, 0.0006435529212467372, 0.9993046522140503]"
28.3,87.1,37.0,48.5,22.9,10.0,1.48,5.4,550.0,2 (Moderate),2 (Moderate),"[0.00028190866578370333, 0.05416040122509003, 0.9445208311080933, 0.0010369094088673592]"
29.7,51.8,15.4,34.6,28.2,10.4,1.46,9.2,532.0,2 (Moderate),2 (Moderate),"[4.1590898035792634e-05, 0.008420652709901333, 0.9890069961547852, 0.002530797617509961]"
19.5,42.7,3.8,8.6,23.8,1.7,1.06,10.4,390.0,3 (Good),3 (Good),"[5.6936649343697354e-05, 6.931843381607905e-05, 0.0016691983910277486, 0.9982045888900757]"
21.0,48.4,2.0,7.4,13.3,6.4,1.12,10.1,237.0,3 (Good),3 (Good),"[9.026803309097886e-05, 0.00010205371654592454, 0.0020056148059666157, 0.9978020787239075]"
39.0,92.4,1.7,3.6,31.7,4.8,1.19,7.0,428.0,2 (Moderate),2 (Moderate),"[0.0013842701446264982, 0.10043622553348541, 0.8915416598320007, 0.006637871731072664]"
32.8,99.6,2.2,8.0,33.6,21.5,1.92,5.5,664.0,1 (Poor),1 (Poor),"[0.048558950424194336, 0.8692037463188171, 0.08155106008052826, 0.0006862590089440346]"
26.4,53.4,23.2,33.9,17.2,9.9,1.29,7.5,392.0,2 (Moderate),2 (Moderate),"[4.439770236785989e-06, 0.0013651233166456223, 0.9972546696662903, 0.0013758798595517874]"
34.7,85.2,30.0,42.1,36.6,5.2,1.55,7.6,448.0,2 (Moderate),2 (Moderate),"[0.0004608022572938353, 0.07214100658893585, 0.9256167411804199, 0.0017814736347645521]"
30.4,57.7,12.2,28.7,37.2,25.0,1.95,3.9,749.0,1 (Poor),1 (Poor),"[0.1656169444322586, 0.8211739659309387, 0.013076030649244785, 0.0001330359373241663]"
21.7,42.0,1.2,5.8,27.7,3.2,0.87,12.4,248.0,3 (Good),3 (Good),"[2.8455817755457247e-06, 2.9744469429715537e-06, 7.049916166579351e-05, 0.9999237060546875]"
34.4,87.9,216.9,240.0,50.7,15.3,2.53,4.3,578.0,0 (Hazardous),0 (Hazardous),"[0.8143841028213501, 0.18550027906894684, 0.00010460677731316537, 1.0979808394040447e-05]"
41.3,90.6,70.6,88.5,45.0,30.2,2.93,6.8,902.0,0 (Hazardous),0 (Hazardous),"[0.939616322517395, 0.060379065573215485, 3.6569088024407392e-06, 8.665441555422149e-07]"
23.0,59.3,10.6,18.8,26.1,15.3,1.42,10.6,337.0,2 (Moderate),2 (Moderate),"[4.141721728956327e-05, 0.003338770940899849, 0.9867469072341919, 0.009872880764305592]"
47.0,74.1,8.6,24.1,29.1,14.0,0.99,9.0,643.0,1 (Poor),2 (Moderate),"[0.018632791936397552, 0.40151482820510864, 0.5664191246032715, 0.013433247804641724]"
27.9,56.7,0.7,6.0,14.5,5.9,1.1,12.9,275.0,3 (Good),3 (Good),"[2.0870620573987253e-05, 2.339537240914069e-05, 0.00044380337931215763, 0.9995119571685791]"
43.5,89.6,20.9,46.8,41.5,14.2,2.31,5.0,594.0,0 (Hazardous),0 (Hazardous),"[0.6651911735534668, 0.333848237991333, 0.0008689659298397601, 9.170020348392427e-05]"
33.4,98.5,42.7,57.5,47.9,14.3,2.66,2.6,788.0,0 (Hazardous),0 (Hazardous),"[0.8611301183700562, 0.13882550597190857, 3.921137249562889e-05, 5.096961103845388e-06]"
25.5,68.4,54.1,64.4,30.8,0.7,1.81,5.7,671.0,1 (Poor),2 (Moderate),"[0.002066213171929121, 0.1723080575466156, 0.8237752318382263, 0.0018505268963053823]"
30.8,60.9,0.5,20.6,36.1,11.2,2.13,4.0,627.0,1 (Poor),1 (Poor),"[0.0781061127781868, 0.8832245469093323, 0.03845561668276787, 0.00021376264339778572]"
31.0,80.4,3.3,13.9,29.6,7.1,1.31,7.1,353.0,2 (Moderate),2 (Moderate),"[9.535465324006509e-06, 0.0036811106838285923, 0.9953806400299072, 0.0009286903077736497]"
23.5,75.6,9.5,14.1,25.4,6.2,1.03,11.0,239.0,3 (Good),3 (Good),"[0.0001457281323382631, 0.00019563538080547005, 0.004196323454380035, 0.9954623579978943]"
20.3,75.5,8.6,14.6,14.7,4.6,0.99,16.3,297.0,3 (Good),3 (Good),"[1.4890007378198789e-06, 1.232405224982358e-06, 2.9038385036983527e-05, 0.9999682903289795]"
33.6,99.4,63.4,72.4,29.6,10.8,1.68,5.0,581.0,1 (Poor),1 (Poor),"[0.0156491007655859, 0.6650119423866272, 0.31785327196121216, 0.001485711894929409]"
30.2,72.3,13.7,22.2,29.8,10.1,1.74,9.7,555.0,1 (Poor),2 (Moderate),"[0.00034122407669201493, 0.04976791515946388, 0.9471421837806702, 0.0027487832121551037]"
34.2,76.9,111.0,129.2,34.7,21.5,2.17,3.9,484.0,1 (Poor),1 (Poor),"[0.1090928241610527, 0.8640735149383545, 0.026547158136963844, 0.0002865835267584771]"
32.3,76.8,19.1,38.4,23.9,12.6,1.69,6.2,674.0,2 (Moderate),2 (Moderate),"[0.005387315526604652, 0.38205623626708984, 0.6101994514465332, 0.0023569397162646055]"
39.9,69.7,1.8,10.6,27.1,18.0,2.29,6.9,660.0,0 (Hazardous),1 (Poor),"[0.041539039462804794, 0.861750602722168, 0.09604287892580032, 0.00066746975062415]"
29.1,41.5,0.9,4.8,18.7,3.4,1.02,12.6,337.0,3 (Good),3 (Good),"[1.09082220660639e-05, 1.1429058758949395e-05, 0.00026060044183395803, 0.9997170567512512]"
35.3,92.3,13.3,24.1,32.6,10.4,1.87,4.0,623.0,1 (Poor),1 (Poor),"[0.04466301202774048, 0.8736112117767334, 0.08130831271409988, 0.00041746674105525017]"
30.4,60.8,57.8,78.2,37.7,13.7,1.79,3.8,631.0,1 (Poor),1 (Poor),"[0.05047067999839783, 0.8867283463478088, 0.06249149143695831, 0.000309359427774325]"
30.1,89.5,26.2,38.9,45.4,19.1,2.18,4.2,658.0,1 (Poor),1 (Poor),"[0.33582377433776855, 0.65826815366745, 0.005727986339479685, 0.0001800761092454195]"
27.8,78.1,1.1,19.8,26.7,10.7,1.28,9.3,376.0,2 (Moderate),2 (Moderate),"[3.269622175139375e-05, 0.004441646859049797, 0.9906378984451294, 0.004887810908257961]"
37.7,64.9,13.5,27.2,38.4,9.6,2.23,3.6,641.0,1 (Poor),1 (Poor),"[0.11740939319133759, 0.8559108972549438, 0.026433685794472694, 0.0002459843526594341]"
26.3,58.2,10.2,24.6,23.1,9.0,1.5,6.0,345.0,2 (Moderate),2 (Moderate),"[8.784491001279093e-06, 0.004320312757045031, 0.9950892329216003, 0.0005817728815600276]"
26.8,55.2,3.6,8.0,20.7,5.6,0.76,12.2,575.0,3 (Good),3 (Good),"[4.572126726998249e-06, 5.226763732935069e-06, 0.00011975408415310085, 0.9998704195022583]"
33.5,44.8,36.7,44.4,21.0,9.7,1.23,10.1,547.0,2 (Moderate),2 (Moderate),"[0.0003297818766441196, 0.007202147506177425, 0.9196344017982483, 0.07283362001180649]"
23.6,76.6,0.5,16.3,28.2,11.9,1.55,6.2,514.0,2 (Moderate),2 (Moderate),"[6.268170545808971e-05, 0.018895309418439865, 0.9802989363670349, 0.0007430724799633026]"
25.8,42.2,2.2,3.9,15.2,9.0,0.99,13.8,543.0,3 (Good),3 (Good),"[4.405269464768935e-06, 4.4475077629613224e-06, 0.00010829430539160967, 0.9998828172683716]"
22.3,80.5,4.5,12.0,17.2,6.3,1.18,10.4,232.0,3 (Good),3 (Good),"[0.0006232523592188954, 0.0010054395534098148, 0.02126143127679825, 0.9771098494529724]"
48.8,74.5,14.0,35.7,39.0,13.8,2.63,6.2,540.0,0 (Hazardous),0 (Hazardous),"[0.7149979472160339, 0.28452402353286743, 0.00043455074774101377, 4.357164289103821e-05]"
31.9,70.7,20.2,28.7,29.2,9.7,1.39,6.4,689.0,2 (Moderate),2 (Moderate),"[6.351768388412893e-05, 0.013384808786213398, 0.9847537279129028, 0.001797929871827364]"
30.7,71.1,26.1,34.5,19.0,3.2,0.78,11.3,512.0,3 (Good),3 (Good),"[4.1406150558032095e-05, 5.277751188259572e-05, 0.0010172700276598334, 0.9988885521888733]"
29.7,78.5,9.5,16.4,14.5,5.3,0.86,13.6,275.0,3 (Good),3 (Good),"[8.480555152345914e-06, 8.32447040011175e-06, 0.00017321323684882373, 0.9998100399971008]"
22.9,86.5,1.4,6.6,25.5,10.1,1.45,5.1,458.0,2 (Moderate),2 (Moderate),"[2.2470370822702534e-05, 0.009507878683507442, 0.9899645447731018, 0.0005051146727055311]"
24.1,83.6,49.8,60.3,28.4,9.6,1.54,6.4,543.0,2 (Moderate),2 (Moderate),"[0.00035229153581894934, 0.054098960012197495, 0.9444247484207153, 0.0011239941231906414]"
25.2,66.5,20.7,25.0,24.3,4.0,0.88,14.2,297.0,3 (Good),3 (Good),"[1.1809482202806976e-05, 1.2387850802042522e-05, 0.0002528602781239897, 0.9997228980064392]"
24.1,43.5,0.0,5.1,13.8,5.2,0.91,11.8,399.0,3 (Good),3 (Good),"[1.4109168660070281e-06, 1.3026044598518638e-06, 3.85077073588036e-05, 0.9999587535858154]"
26.9,52.2,9.1,17.4,28.0,3.0,0.96,12.1,263.0,3 (Good),3 (Good),"[7.698575063841417e-05, 9.048018546309322e-05, 0.0016643671551719308, 0.9981681108474731]"
22.4,54.5,0.0,4.6,20.6,7.5,0.74,11.4,326.0,3 (Good),3 (Good),"[1.360258465865627e-06, 1.3167189081286779e-06, 3.596206079237163e-05, 0.9999613761901855]"
35.1,80.8,47.6,59.2,27.1,12.9,1.49,6.4,611.0,2 (Moderate),2 (Moderate),"[0.0022283955477178097, 0.18812552094459534, 0.8064217567443848, 0.003224284155294299]"
22.1,46.7,0.8,6.3,26.0,3.1,0.98,10.0,469.0,3 (Good),3 (Good),"[0.00010199061216553673, 0.00013784124166704714, 0.0036851929035037756, 0.9960749745368958]"
19.7,48.0,20.5,25.1,18.2,6.9,1.13,10.5,604.0,3 (Good),3 (Good),"[0.00019187362340744585, 0.00027342038811184466, 0.007511414587497711, 0.992023229598999]"
24.4,53.9,8.0,13.3,17.0,5.3,0.84,10.8,335.0,3 (Good),3 (Good),"[4.0355907913181e-06, 3.990956884081243e-06, 9.604044316802174e-05, 0.9998959302902222]"
34.7,97.6,6.1,19.6,23.1,19.6,2.12,6.4,596.0,1 (Poor),1 (Poor),"[0.040764037519693375, 0.8834426999092102, 0.07544782012701035, 0.00034557413891889155]"
22.9,66.9,7.8,16.3,21.8,8.1,1.07,10.0,435.0,3 (Good),3 (Good),"[0.0006427523912861943, 0.0010961274383589625, 0.027286306023597717, 0.970974862575531]"
28.2,84.8,19.4,23.4,27.0,6.8,1.65,6.3,661.0,2 (Moderate),2 (Moderate),"[7.668702164664865e-05, 0.016674034297466278, 0.9818022847175598, 0.0014470159076154232]"
26.3,54.7,2.0,8.2,27.9,3.4,1.05,17.0,330.0,3 (Good),3 (Good),"[0.0001700009306659922, 0.0002052424242720008, 0.002883943496271968, 0.9967408776283264]"
43.0,65.1,21.8,47.5,25.1,23.8,1.7,4.6,569.0,1 (Poor),1 (Poor),"[0.051848866045475006, 0.9035808444023132, 0.044338759034872055, 0.0002316078171133995]"
26.8,72.2,1.0,11.3,21.8,12.5,1.41,6.0,602.0,2 (Moderate),2 (Moderate),"[5.112194685352733e-06, 0.0026776816230267286, 0.9968055486679077, 0.000511630903929472]"
35.5,62.6,71.2,75.9,20.5,9.3,1.58,5.5,405.0,2 (Moderate),2 (Moderate),"[5.722452624468133e-05, 0.016316644847393036, 0.9829466342926025, 0.0006794832297600806]"
27.7,51.3,0.5,22.9,29.1,14.0,1.68,3.8,470.0,1 (Poor),1 (Poor),"[0.01918504200875759, 0.8341963887214661, 0.14639028906822205, 0.00022836661082692444]"
36.1,87.2,76.7,98.2,35.3,27.6,2.5,3.5,771.0,0 (Hazardous),0 (Hazardous),"[0.7816817760467529, 0.2181040495634079, 0.0001900574570754543, 2.40803728956962e-05]"
29.6,46.6,5.1,16.2,27.0,7.0,1.93,7.6,364.0,2 (Moderate),2 (Moderate),"[1.621946103114169e-05, 0.005919464398175478, 0.993198812007904, 0.0008655067067593336]"
32.5,97.5,77.0,99.1,54.5,26.1,1.82,2.7,555.0,0 (Hazardous),0 (Hazardous),"[0.7507238388061523, 0.24891947209835052, 0.0003179818158969283, 3.862401354126632e-05]"
34.0,58.3,36.6,52.4,28.4,5.3,1.49,6.9,499.0,2 (Moderate),2 (Moderate),"[4.0651408198755234e-05, 0.010082121007144451, 0.988580048084259, 0.0012971991673111916]"
25.7,58.7,15.9,19.2,21.9,6.3,1.03,10.3,301.0,3 (Good),3 (Good),"[0.00011581250873859972, 0.00014910424943082035, 0.003307276638224721, 0.9964278340339661]"
25.7,69.3,64.5,78.8,26.5,10.3,1.87,12.2,579.0,1 (Poor),2 (Moderate),"[0.0008834466570988297, 0.08907245099544525, 0.9079095125198364, 0.0021346150897443295]"
24.5,73.2,3.5,7.3,25.3,4.6,1.37,10.7,399.0,3 (Good),3 (Good),"[0.002340166363865137, 0.009564852342009544, 0.3144569396972656, 0.6736379861831665]"
31.3,89.6,1.7,17.0,25.1,17.2,2.18,4.2,832.0,1 (Poor),1 (Poor),"[0.18065352737903595, 0.8051829934120178, 0.013974138535559177, 0.00018940295558422804]"
29.0,51.2,7.6,16.0,30.6,15.2,1.48,5.8,660.0,2 (Moderate),2 (Moderate),"[0.00016447794041596353, 0.03234928101301193, 0.966229259967804, 0.001257023774087429]"
25.4,63.2,10.7,16.0,17.9,2.2,0.93,12.7,560.0,3 (Good),3 (Good),"[6.988092536630575e-06, 7.575598829134833e-06, 0.00016407211660407484, 0.9998213648796082]"
39.5,109.6,84.7,99.4,30.1,18.9,3.48,3.2,792.0,0 (Hazardous),0 (Hazardous),"[0.9406785368919373, 0.05931951850652695, 1.6423223314632196e-06, 2.1492222401775507e-07]"
21.1,60.1,1.8,11.2,22.0,2.3,1.04,15.1,478.0,3 (Good),3 (Good),"[1.2204891390865669e-05, 1.3552787095250096e-05, 0.0002400237281108275, 0.9997342228889465]"
24.9,76.0,32.1,41.6,16.2,17.7,1.49,6.0,612.0,2 (Moderate),2 (Moderate),"[0.00021922979794908315, 0.0431491956114769, 0.9557961225509644, 0.000835354090668261]"
42.8,73.0,1.1,23.7,31.2,25.6,2.46,3.5,495.0,0 (Hazardous),1 (Poor),"[0.4563674330711365, 0.5421324968338013, 0.0014560285490006208, 4.399257886689156e-05]"
25.0,58.6,8.4,12.3,15.1,5.1,0.89,16.6,255.0,3 (Good),3 (Good),"[3.1244161391441594e-07, 2.6424811494507594e-07, 7.7921658885316e-06, 0.9999916553497314]"
29.2,70.3,3.5,8.1,16.7,3.7,1.05,10.8,585.0,3 (Good),3 (Good),"[0.00021632612333633006, 0.00028847542125731707, 0.005607523489743471, 0.993887722492218]"
38.1,79.6,32.0,40.8,27.7,11.6,1.45,6.3,411.0,2 (Moderate),2 (Moderate),"[0.00024006208695936948, 0.044140640646219254, 0.9541992545127869, 0.0014200621517375112]"
29.0,100.2,69.8,85.0,26.5,17.0,1.95,4.9,641.0,1 (Poor),1 (Poor),"[0.038176070898771286, 0.8569872975349426, 0.10439500212669373, 0.0004416066803969443]"
36.9,106.5,23.1,34.7,37.4,24.3,2.3,2.7,726.0,0 (Hazardous),0 (Hazardous),"[0.7455880641937256, 0.25409823656082153, 0.00028400757582858205, 2.9773800633847713e-05]"
26.3,64.3,73.4,81.3,11.9,3.4,0.87,10.2,390.0,3 (Good),3 (Good),"[9.05060296645388e-05, 0.0001087168711819686, 0.002843399066478014, 0.9969574213027954]"
25.8,56.3,5.0,9.5,20.9,2.5,0.98,14.1,410.0,3 (Good),3 (Good),"[4.608811650541611e-06, 4.824657935387222e-06, 0.0001117070933105424, 0.9998788833618164]"
37.0,80.1,35.2,49.4,41.1,21.2,1.84,5.3,469.0,1 (Poor),1 (Poor),"[0.07035740464925766, 0.8795273303985596, 0.049415696412324905, 0.0006995854782871902]"
23.0,38.2,22.6,27.7,15.7,6.9,1.11,10.2,340.0,3 (Good),3 (Good),"[0.00022470700787380338, 0.0002802608360070735, 0.006351455580443144, 0.9931435585021973]"
24.2,51.8,13.9,20.7,24.5,4.8,1.02,10.5,582.0,3 (Good),3 (Good),"[0.0002202234900323674, 0.0003239385550841689, 0.007897906005382538, 0.9915579557418823]"
32.3,83.0,10.2,15.1,27.0,12.7,1.45,5.0,454.0,2 (Moderate),2 (Moderate),"[0.00019169977167621255, 0.04171648994088173, 0.9569166898727417, 0.0011752289719879627]"
34.7,86.1,14.6,26.3,22.2,10.6,1.8,5.8,643.0,2 (Moderate),2 (Moderate),"[0.005671479273587465, 0.40937721729278564, 0.582985520362854, 0.0019658119417726994]"
24.7,85.3,10.8,24.6,39.9,9.7,2.08,15.5,638.0,1 (Poor),1 (Poor),"[0.062204018235206604, 0.8524895310401917, 0.08389340341091156, 0.0014130303170531988]"
35.5,79.7,98.5,115.3,18.1,15.9,1.67,5.8,563.0,2 (Moderate),2 (Moderate),"[0.005224116146564484, 0.39207661151885986, 0.6012726426124573, 0.0014265767531469464]"
33.1,91.3,8.0,24.3,32.0,23.6,2.28,4.2,587.0,1 (Poor),1 (Poor),"[0.1918715238571167, 0.7979515790939331, 0.010048545897006989, 0.00012835560482926667]"
40.6,80.7,1.1,14.6,41.7,21.3,1.92,4.5,469.0,1 (Poor),1 (Poor),"[0.09841891378164291, 0.8758031129837036, 0.02548477053642273, 0.00029320077737793326]"
27.3,73.7,13.8,28.4,27.5,16.4,1.4,7.3,293.0,2 (Moderate),2 (Moderate),"[1.1062730663979892e-05, 0.004468006081879139, 0.9945535659790039, 0.0009673326276242733]"
51.3,58.0,31.2,48.3,34.3,11.5,3.32,2.6,538.0,0 (Hazardous),0 (Hazardous),"[0.8473016023635864, 0.15265300869941711, 4.116933268960565e-05, 4.144486865698127e-06]"
37.7,63.6,24.2,32.1,24.3,13.2,1.59,5.6,600.0,2 (Moderate),2 (Moderate),"[0.0010738716227933764, 0.11597983539104462, 0.880260705947876, 0.002685646992176771]"
23.2,72.9,29.3,39.3,20.6,7.2,1.36,5.4,299.0,2 (Moderate),2 (Moderate),"[2.692805719561875e-05, 0.008357069455087185, 0.9905973076820374, 0.0010186864528805017]"
38.1,82.6,5.1,13.8,25.0,9.9,1.5,6.7,582.0,2 (Moderate),2 (Moderate),"[0.000545361137483269, 0.07441948354244232, 0.9228140711784363, 0.0022210292518138885]"
32.6,77.3,12.9,33.1,38.9,8.3,1.86,4.3,529.0,1 (Poor),1 (Poor),"[0.03786208853125572, 0.8750622272491455, 0.08674551546573639, 0.00033028185134753585]"
33.9,80.4,2.9,13.9,22.3,12.7,1.49,6.2,481.0,2 (Moderate),2 (Moderate),"[0.00014753974392078817, 0.03221207857131958, 0.9662854671478271, 0.0013549335999414325]"
25.1,47.4,1.9,6.0,24.0,8.4,1.0,10.9,265.0,3 (Good),3 (Good),"[0.0001185805958812125, 0.0001429247931810096, 0.0027026308234781027, 0.9970358610153198]"
24.4,79.8,10.9,29.8,19.6,6.9,1.47,8.2,593.0,2 (Moderate),2 (Moderate),"[6.167705578263849e-06, 0.001655187807045877, 0.996726393699646, 0.0016122140223160386]"
28.1,50.3,3.8,14.1,21.0,12.7,1.52,6.3,496.0,2 (Moderate),2 (Moderate),"[6.904241217853269e-06, 0.003756824182346463, 0.9957855343818665, 0.00045068946201354265]"
26.9,55.9,33.3,36.4,25.6,9.5,1.13,12.5,584.0,3 (Good),3 (Good),"[0.0018243733793497086, 0.0036201360635459423, 0.09335885941982269, 0.9011966586112976]"
26.3,90.4,14.7,26.7,35.1,4.8,1.94,3.6,543.0,1 (Poor),1 (Poor),"[0.026300260797142982, 0.8596882224082947, 0.1137324795126915, 0.00027910666540265083]"
31.1,75.3,1.5,4.9,21.1,2.0,1.14,10.5,337.0,3 (Good),3 (Good),"[0.0005302964709699154, 0.0008026259019970894, 0.016104014590382576, 0.9825631380081177]"
34.4,71.7,44.0,54.6,30.6,25.9,2.41,3.4,595.0,1 (Poor),1 (Poor),"[0.20517373085021973, 0.7866029143333435, 0.008125818334519863, 9.753682388691232e-05]"
26.3,52.6,3.7,8.9,27.3,7.8,1.03,10.8,246.0,3 (Good),3 (Good),"[0.00036752584856003523, 0.0004764670447912067, 0.00800133217126131, 0.991154670715332]"
24.2,68.7,8.6,12.6,22.0,4.0,1.0,12.2,321.0,3 (Good),3 (Good),"[2.3066178982844576e-05, 2.6023939426522702e-05, 0.0005018951487727463, 0.9994489550590515]"
30.0,86.0,8.3,20.4,21.4,10.2,1.59,7.2,733.0,2 (Moderate),2 (Moderate),"[0.00012203109508845955, 0.01933649741113186, 0.9785045385360718, 0.0020368797704577446]"
35.5,86.0,75.7,86.8,19.8,12.1,1.79,8.6,612.0,2 (Moderate),2 (Moderate),"[0.006013438105583191, 0.3740873634815216, 0.6174036860466003, 0.0024955235421657562]"
44.7,100.3,79.8,104.0,51.0,17.9,2.62,4.9,574.0,0 (Hazardous),0 (Hazardous),"[0.9019058346748352, 0.0980774313211441, 1.4148126865620725e-05, 2.5865954285109183e-06]"
41.4,99.5,0.7,40.0,44.6,16.6,2.51,8.8,608.0,0 (Hazardous),0 (Hazardous),"[0.7924888134002686, 0.20730668306350708, 0.00017805966490413994, 2.6458736101631075e-05]"
33.6,81.2,20.2,30.3,30.2,10.6,1.24,6.3,714.0,2 (Moderate),2 (Moderate),"[0.00022326871112454683, 0.03396788612008095, 0.9632624983787537, 0.002546303439885378]"
28.0,53.6,20.2,28.4,14.1,2.7,0.99,11.7,475.0,3 (Good),3 (Good),"[1.506050284660887e-05, 1.5780260582687333e-05, 0.00035000976640731096, 0.9996191263198853]"
30.0,67.1,47.1,61.3,22.1,7.3,1.82,5.7,639.0,2 (Moderate),2 (Moderate),"[0.002130863955244422, 0.18448734283447266, 0.8113704919815063, 0.002011273754760623]"
41.9,85.5,32.2,37.1,40.9,21.9,2.07,6.1,579.0,1 (Poor),1 (Poor),"[0.21408505737781525, 0.7685163021087646, 0.016836678609251976, 0.0005619360599666834]"
32.4,70.4,75.2,91.5,44.8,25.7,2.06,13.7,771.0,0 (Hazardous),1 (Poor),"[0.4195077121257782, 0.5723930597305298, 0.007432343903928995, 0.0006668949499726295]"
25.7,78.3,1.2,8.0,18.5,5.3,1.09,16.4,526.0,3 (Good),3 (Good),"[0.00029038256616331637, 0.0003713692130986601, 0.004525433294475079, 0.9948128461837769]"
20.9,41.1,1.7,8.4,24.8,4.9,1.08,11.2,590.0,3 (Good),3 (Good),"[0.0001351650571450591, 0.00018107880896423012, 0.004495932254940271, 0.9951877593994141]"
30.9,46.6,4.1,13.6,14.3,1.8,0.98,10.4,218.0,3 (Good),3 (Good),"[2.499002766853664e-05, 2.648365989443846e-05, 0.000516011263243854, 0.9994325041770935]"
24.4,66.9,3.1,11.3,22.3,0.0,1.14,10.6,230.0,3 (Good),3 (Good),"[9.189693082589656e-05, 0.00011676616850309074, 0.0021263291127979755, 0.9976650476455688]"
31.1,83.6,15.4,25.6,34.7,6.7,1.43,6.4,376.0,2 (Moderate),2 (Moderate),"[3.3275646273978055e-05, 0.010776725597679615, 0.9883067011833191, 0.0008832773310132325]"
28.5,45.9,1.5,5.9,23.7,3.2,0.89,12.8,483.0,3 (Good),3 (Good),"[1.38108234750689e-05, 1.49034403875703e-05, 0.000350942718796432, 0.9996203184127808]"
33.4,50.3,36.7,43.4,35.6,5.3,1.31,5.4,443.0,2 (Moderate),2 (Moderate),"[1.8199285477749072e-05, 0.005252725910395384, 0.9937426447868347, 0.000986419734545052]"
19.7,47.2,3.0,11.0,12.5,5.9,1.12,24.8,259.0,3 (Good),3 (Good),"[1.1547546137080644e-06, 7.199964784376789e-07, 1.666133539401926e-05, 0.9999815225601196]"
25.0,59.9,1.0,5.4,22.6,5.0,1.15,18.4,509.0,3 (Good),3 (Good),"[0.0001844556536525488, 0.00022535283642355353, 0.003179941326379776, 0.9964103102684021]"
21.5,59.8,8.6,12.6,20.3,5.5,1.08,10.1,470.0,3 (Good),3 (Good),"[0.00018724234541878104, 0.00025735143572092056, 0.005914084147661924, 0.9936413168907166]"
25.1,71.1,7.3,11.3,17.9,4.8,1.0,13.4,283.0,3 (Good),3 (Good),"[1.2589541256602388e-05, 1.3186782780394424e-05, 0.00025057586026377976, 0.9997236132621765]"
27.5,69.5,2.4,10.0,22.2,5.8,0.99,11.1,462.0,3 (Good),3 (Good),"[0.00016337107808794826, 0.00021828300668857992, 0.004105840809643269, 0.9955124258995056]"
23.6,80.8,2.6,8.3,22.9,4.3,0.97,10.5,509.0,3 (Good),3 (Good),"[0.0001480874780099839, 0.00019157328642904758, 0.003205861896276474, 0.9964544773101807]"
45.9,84.1,40.0,58.3,42.0,25.9,1.94,2.6,951.0,0 (Hazardous),0 (Hazardous),"[0.827948272228241, 0.17196153104305267, 7.974397885845974e-05, 1.0449783076182939e-05]"
24.7,51.4,3.5,9.4,14.6,4.3,0.85,11.6,215.0,3 (Good),3 (Good),"[3.6815185922023375e-07, 3.482953161437763e-07, 1.1267483387200627e-05, 0.9999879598617554]"
26.5,86.3,28.0,54.1,56.6,9.6,2.02,4.8,603.0,0 (Hazardous),1 (Poor),"[0.3195737898349762, 0.6733431816101074, 0.006889022421091795, 0.00019407090439926833]"
31.1,59.7,29.0,47.1,24.9,10.2,2.17,4.4,822.0,1 (Poor),1 (Poor),"[0.09798876196146011, 0.8696794509887695, 0.03201679140329361, 0.00031498706084676087]"
34.2,106.5,32.9,49.0,26.7,18.9,2.08,8.4,770.0,0 (Hazardous),1 (Poor),"[0.1208246648311615, 0.8401479125022888, 0.038454554975032806, 0.000572914897929877]"
18.6,49.8,14.0,18.6,23.3,4.4,0.77,10.0,262.0,3 (Good),3 (Good),"[1.025151323119644e-05, 1.0604929229884874e-05, 0.0002104008599417284, 0.9997687935829163]"
26.3,59.4,3.9,7.0,18.1,7.7,1.05,10.3,526.0,3 (Good),3 (Good),"[0.00021910580107942224, 0.0002967717591673136, 0.005920781753957272, 0.9935634136199951]"
28.0,48.6,6.1,11.1,19.9,2.8,1.0,10.8,390.0,3 (Good),3 (Good),"[2.988686173921451e-05, 3.449769792496227e-05, 0.0008457613294012845, 0.9990898370742798]"
30.3,76.2,31.3,37.5,21.4,2.0,1.71,5.2,674.0,2 (Moderate),2 (Moderate),"[0.0018991425167769194, 0.13620272278785706, 0.8586925864219666, 0.003205524757504463]"
29.4,73.1,9.4,13.7,38.5,5.1,1.59,3.8,438.0,1 (Poor),2 (Moderate),"[0.0010887783719226718, 0.14539310336112976, 0.8522362112998962, 0.001281936769373715]"
36.2,95.0,9.8,31.8,34.3,24.1,2.12,6.9,681.0,1 (Poor),1 (Poor),"[0.2509772479534149, 0.7374920845031738, 0.011202167719602585, 0.00032851917785592377]"
29.4,53.6,5.6,15.9,28.9,8.5,1.61,8.9,384.0,2 (Moderate),2 (Moderate),"[1.0092915545101278e-05, 0.003280828706920147, 0.9951704144477844, 0.0015387202147394419]"
23.1,100.8,7.4,30.0,28.5,16.3,1.8,7.2,711.0,1 (Poor),1 (Poor),"[0.018520958721637726, 0.7875049114227295, 0.19349010288715363, 0.00048404853441752493]"
26.6,38.3,9.7,14.7,20.3,5.2,1.07,11.4,375.0,3 (Good),3 (Good),"[5.172640157979913e-05, 5.9491489082574844e-05, 0.0012926238123327494, 0.9985961318016052]"
15.5,64.8,19.6,23.4,25.5,4.6,0.91,11.1,230.0,3 (Good),3 (Good),"[1.3783866052108351e-05, 1.4009812730364501e-05, 0.0002821090747602284, 0.9996901750564575]"
30.0,89.0,9.2,30.2,29.7,17.5,1.83,8.2,428.0,1 (Poor),1 (Poor),"[0.016505001112818718, 0.6994238495826721, 0.2824817895889282, 0.001589353196322918]"
27.2,78.3,43.1,43.8,15.1,2.4,0.97,12.3,397.0,3 (Good),3 (Good),"[3.8898258935660124e-05, 4.347649519331753e-05, 0.0008489572210237384, 0.9990686774253845]"
29.0,46.0,20.3,26.8,18.9,5.7,0.72,10.6,505.0,3 (Good),3 (Good),"[1.7042719264281914e-05, 1.8576796719571576e-05, 0.0004169676685705781, 0.9995474219322205]"
24.4,59.2,1.2,9.1,20.1,7.2,0.89,12.2,600.0,3 (Good),3 (Good),"[1.6728376067476347e-05, 1.8968736185343005e-05, 0.00038062335806898773, 0.9995836615562439]"
31.0,53.4,5.7,13.7,36.4,9.1,1.51,8.4,671.0,2 (Moderate),2 (Moderate),"[0.0001924999087350443, 0.026493407785892487, 0.9700444936752319, 0.003269659588113427]"
34.3,78.8,2.4,14.6,34.4,9.2,1.79,4.3,681.0,1 (Poor),1 (Poor),"[0.03090728260576725, 0.8546908497810364, 0.11394847929477692, 0.00045335546019487083]"
34.8,88.5,15.1,26.4,34.0,8.4,1.7,5.5,577.0,2 (Moderate),1 (Poor),"[0.008867955766618252, 0.5072488784790039, 0.4820461869239807, 0.0018369987374171615]"
29.8,56.7,6.8,14.0,23.0,4.5,1.1,11.4,567.0,3 (Good),3 (Good),"[0.0006419969722628593, 0.0009614387527108192, 0.020511621609330177, 0.9778849482536316]"
23.0,45.5,11.1,17.6,26.9,3.5,1.17,14.5,410.0,3 (Good),3 (Good),"[0.0003482412139419466, 0.0004406793450471014, 0.006378044839948416, 0.9928330183029175]"
22.8,66.4,9.3,12.7,13.9,4.0,0.87,10.7,579.0,3 (Good),3 (Good),"[5.9303924899722915e-06, 6.0820498219982255e-06, 0.0001355960703222081, 0.9998524188995361]"
38.8,78.7,3.1,21.2,43.4,16.0,2.02,3.6,772.0,0 (Hazardous),1 (Poor),"[0.4792275130748749, 0.5181162357330322, 0.002533081453293562, 0.00012315408093854785]"
29.9,48.1,36.2,41.4,24.8,3.3,0.91,10.9,554.0,3 (Good),3 (Good),"[0.00035603062133304775, 0.00046323356218636036, 0.009785904549062252, 0.9893948435783386]"
21.3,71.5,13.4,17.3,19.1,1.1,1.07,11.1,280.0,3 (Good),3 (Good),"[1.0693979675124865e-05, 1.2103937478968874e-05, 0.00022344087483361363, 0.9997537732124329]"
33.3,92.2,5.0,25.3,29.8,19.7,1.41,3.9,494.0,1 (Poor),1 (Poor),"[0.02586894854903221, 0.8470746278762817, 0.12668704986572266, 0.0003694113693200052]"
23.5,50.8,0.6,6.7,13.3,3.1,0.95,14.1,564.0,3 (Good),3 (Good),"[3.446994014666416e-07, 3.0458079436357366e-07, 1.0524083336349577e-05, 0.9999887943267822]"
30.4,103.6,17.5,40.4,24.1,-6.2,2.21,7.3,521.0,1 (Poor),1 (Poor),"[0.053570706397295, 0.8636586666107178, 0.08199042826890945, 0.0007801132160238922]"
40.6,90.4,67.5,85.6,30.3,16.1,2.32,3.9,485.0,0 (Hazardous),1 (Poor),"[0.2757702171802521, 0.7161891460418701, 0.007862896658480167, 0.0001777558500180021]"
31.1,62.8,0.9,8.4,17.1,6.3,1.16,15.8,321.0,3 (Good),3 (Good),"[0.0004600586253218353, 0.0006504342309199274, 0.009155014529824257, 0.9897345304489136]"
30.9,62.0,3.5,7.3,31.0,10.4,1.36,5.0,297.0,2 (Moderate),2 (Moderate),"[3.588076651794836e-06, 0.002245154697448015, 0.9973304271697998, 0.00042088961345143616]"
26.3,52.6,22.2,25.4,18.7,4.6,0.93,10.6,326.0,3 (Good),3 (Good),"[1.5811250705155544e-05, 1.6640915418975055e-05, 0.00038641580613330007, 0.9995811581611633]"
37.6,81.2,28.1,56.6,46.7,13.7,1.85,4.1,560.0,1 (Poor),1 (Poor),"[0.28985705971717834, 0.7029510736465454, 0.0070143756456673145, 0.00017756960005499423]"
20.9,42.4,19.6,24.7,18.2,7.0,0.83,11.9,316.0,3 (Good),3 (Good),"[1.3372476814765832e-06, 1.2320607538640616e-06, 3.492383984848857e-05, 0.9999624490737915]"
23.5,66.6,13.7,20.0,20.2,5.9,0.77,11.3,347.0,3 (Good),3 (Good),"[4.196964255243074e-06, 4.244553565513343e-06, 0.00010010037658503279, 0.9998914003372192]"
41.6,86.7,51.4,76.8,30.1,27.7,2.27,6.8,744.0,0 (Hazardous),0 (Hazardous),"[0.6642938852310181, 0.33438020944595337, 0.0011757148895412683, 0.00015013742086011916]"
26.3,74.7,8.6,14.0,14.1,4.6,0.99,13.0,318.0,3 (Good),3 (Good),"[1.0998827747243922e-05, 1.1678506780299358e-05, 0.0002215258136857301, 0.9997557997703552]"
32.3,72.8,3.4,30.6,42.3,2.8,2.04,4.5,636.0,0 (Hazardous),1 (Poor),"[0.12767718732357025, 0.8441820740699768, 0.02782890573143959, 0.000311719166347757]"
46.1,80.1,7.7,10.4,34.4,30.5,1.85,5.7,771.0,0 (Hazardous),1 (Poor),"[0.2866594195365906, 0.7032704949378967, 0.009688393212854862, 0.0003816887619905174]"
42.3,70.3,22.5,33.9,32.1,22.0,2.82,9.5,672.0,0 (Hazardous),1 (Poor),"[0.48463502526283264, 0.5121696591377258, 0.0030157393775880337, 0.00017952416965272278]"
34.6,80.3,8.6,29.2,31.5,7.4,1.28,9.5,326.0,2 (Moderate),2 (Moderate),"[4.814238491235301e-05, 0.009302300401031971, 0.9884510040283203, 0.0021984740160405636]"
25.0,50.9,4.9,11.4,23.4,2.8,1.1,13.7,196.0,3 (Good),3 (Good),"[4.0066184737952426e-05, 4.783309486811049e-05, 0.0007174659986048937, 0.9991946816444397]"
35.3,70.3,27.3,31.9,27.4,11.1,1.75,9.3,635.0,2 (Moderate),2 (Moderate),"[0.0009026494808495045, 0.09638171643018723, 0.8991154432296753, 0.0036001489497721195]"
28.9,72.2,9.9,25.7,35.4,9.8,1.33,6.6,597.0,2 (Moderate),2 (Moderate),"[0.0003122898633591831, 0.04979477450251579, 0.9476312398910522, 0.002261709189042449]"
23.7,52.4,0.3,4.5,18.7,6.3,1.04,10.7,313.0,3 (Good),3 (Good),"[3.649192149168812e-05, 4.152036490268074e-05, 0.0008595879771746695, 0.9990623593330383]"
41.3,77.0,7.0,28.8,51.9,25.2,2.11,8.3,643.0,0 (Hazardous),0 (Hazardous),"[0.6388782858848572, 0.3597184717655182, 0.0012312757316976786, 0.00017199708963744342]"
31.6,55.9,22.2,30.6,22.9,8.2,1.46,6.4,581.0,2 (Moderate),2 (Moderate),"[1.3828685951011721e-05, 0.005004276521503925, 0.9941710829734802, 0.000810739235021174]"
40.8,82.2,2.4,14.3,29.8,10.6,1.04,5.1,481.0,2 (Moderate),2 (Moderate),"[0.001980602741241455, 0.1500418782234192, 0.8452332615852356, 0.00274421158246696]"
24.8,53.7,2.6,8.7,17.6,8.2,1.2,10.9,280.0,3 (Good),3 (Good),"[0.0002968239423353225, 0.0004248721816111356, 0.008534220978617668, 0.9907440543174744]"
31.9,74.7,15.3,33.9,48.0,13.6,2.29,5.6,756.0,1 (Poor),1 (Poor),"[0.30592775344848633, 0.685530960559845, 0.008291942998766899, 0.0002493242500349879]"
30.8,60.3,36.6,44.7,25.3,12.1,1.84,5.1,386.0,2 (Moderate),2 (Moderate),"[0.0010376308346167207, 0.14462965726852417, 0.8529980778694153, 0.001334704109467566]"
28.1,83.5,11.8,24.0,28.6,9.0,1.07,9.0,690.0,2 (Moderate),2 (Moderate),"[0.00047987146535888314, 0.010646653361618519, 0.9111647009849548, 0.07770875841379166]"
39.0,73.4,34.2,49.8,38.3,19.1,2.36,3.8,765.0,0 (Hazardous),0 (Hazardous),"[0.5820290446281433, 0.41615989804267883, 0.0016816057031974196, 0.00012951997632626444]"
25.0,81.3,4.3,7.8,23.1,6.7,1.14,10.1,329.0,3 (Good),3 (Good),"[0.000894842785783112, 0.0014988655457273126, 0.032473739236593246, 0.9651325941085815]"
21.7,53.2,10.9,15.2,25.4,6.7,1.02,16.2,301.0,3 (Good),3 (Good),"[3.4621840313775465e-05, 3.719772939803079e-05, 0.0006053392426110804, 0.9993228912353516]"
29.9,54.2,24.6,38.5,30.9,14.1,1.67,7.0,359.0,2 (Moderate),2 (Moderate),"[0.00026629705098457634, 0.04382667317986488, 0.9541271924972534, 0.0017798448679968715]"
29.3,52.3,22.6,31.6,25.6,7.0,1.68,6.5,508.0,2 (Moderate),2 (Moderate),"[1.5508330761804245e-05, 0.005719763692468405, 0.9934996366500854, 0.0007650667685084045]"
23.2,71.3,8.2,13.1,25.7,8.1,1.04,10.5,218.0,3 (Good),3 (Good),"[0.00029291099053807557, 0.0004237484827172011, 0.00907298643141985, 0.9902104139328003]"
36.9,63.1,25.6,34.4,22.9,10.9,1.31,5.3,646.0,2 (Moderate),2 (Moderate),"[0.00017258775187656283, 0.02829260192811489, 0.9695876836776733, 0.0019470778061076999]"
28.3,82.7,11.7,19.7,28.6,14.5,1.27,5.2,430.0,2 (Moderate),2 (Moderate),"[9.726481948746368e-05, 0.02415476366877556, 0.9746604561805725, 0.0010874745203182101]"
29.7,93.5,2.9,21.9,30.5,10.0,1.79,3.7,816.0,1 (Poor),1 (Poor),"[0.10793282091617584, 0.8645003437995911, 0.027341127395629883, 0.00022583224927075207]"
32.1,53.9,7.5,16.9,29.2,18.1,1.59,5.3,328.0,2 (Moderate),2 (Moderate),"[0.0009716423228383064, 0.13809293508529663, 0.8595141768455505, 0.0014212751993909478]"
32.6,79.6,42.8,51.4,14.1,13.3,1.55,7.5,633.0,2 (Moderate),2 (Moderate),"[0.00012594953295774758, 0.019856557250022888, 0.977859616279602, 0.0021578024607151747]"
34.1,75.9,14.8,31.7,23.5,13.1,1.57,6.6,567.0,2 (Moderate),2 (Moderate),"[0.000694087240844965, 0.09498988837003708, 0.9017432332038879, 0.0025728626642376184]"
22.1,64.6,13.1,17.7,15.6,4.9,0.99,10.5,468.0,3 (Good),3 (Good),"[4.597731458488852e-05, 5.053537097410299e-05, 0.0009610785054974258, 0.9989424347877502]"
28.5,69.0,16.3,25.3,23.0,7.7,1.71,5.5,344.0,2 (Moderate),2 (Moderate),"[2.9703311156481504e-05, 0.011486686766147614, 0.98783278465271, 0.0006508812075480819]"
34.1,90.5,14.3,17.4,19.6,6.4,1.59,7.0,494.0,2 (Moderate),2 (Moderate),"[0.00023696865537203848, 0.036888353526592255, 0.9608372449874878, 0.0020374839659780264]"
31.8,99.2,11.7,43.7,38.0,10.0,2.86,2.7,810.0,0 (Hazardous),0 (Hazardous),"[0.8944449424743652, 0.1055426374077797, 1.1315616575302556e-05, 1.2132494475736166e-06]"
27.7,79.4,10.8,16.8,14.0,7.7,0.92,10.3,348.0,3 (Good),3 (Good),"[0.00012364260328467935, 0.00014781283971387893, 0.0027821259573101997, 0.996946394443512]"
40.6,95.1,37.4,46.7,42.9,21.3,2.16,2.8,679.0,0 (Hazardous),0 (Hazardous),"[0.6662896871566772, 0.33278900384902954, 0.0008331762510351837, 8.805454854154959e-05]"
24.0,60.3,1.5,8.1,22.2,6.0,1.14,11.1,301.0,3 (Good),3 (Good),"[0.0001847961248131469, 0.0002540808927733451, 0.005130341276526451, 0.9944307208061218]"
36.0,89.8,33.0,47.9,26.0,-0.1,1.74,4.3,490.0,1 (Poor),1 (Poor),"[0.010062430053949356, 0.572883129119873, 0.41559067368507385, 0.0014637266285717487]"
30.1,49.0,7.7,14.5,20.2,7.6,0.98,11.0,465.0,3 (Good),3 (Good),"[0.00017592812946531922, 0.00023760116891935468, 0.00517813116312027, 0.994408369064331]"
41.3,85.7,66.1,93.4,40.0,16.4,1.29,3.5,424.0,1 (Poor),1 (Poor),"[0.04934757947921753, 0.90099036693573, 0.049291934818029404, 0.00037014656118117273]"
28.3,72.7,56.8,70.2,34.4,10.3,1.75,5.1,486.0,1 (Poor),1 (Poor),"[0.008206922560930252, 0.5006840229034424, 0.4896591007709503, 0.0014499665703624487]"
26.4,63.7,7.3,11.2,30.1,11.6,1.13,8.7,507.0,2 (Moderate),2 (Moderate),"[0.00020405568648129702, 0.007121075876057148, 0.9643930196762085, 0.028281887993216515]"
32.2,70.0,3.5,10.2,25.4,19.3,2.59,3.9,735.0,1 (Poor),1 (Poor),"[0.17754144966602325, 0.8103174567222595, 0.011989753693342209, 0.0001513775350758806]"
22.4,62.4,16.8,21.1,20.1,4.9,0.85,11.6,591.0,3 (Good),3 (Good),"[8.831416380417068e-06, 9.803075045056175e-06, 0.00020591795328073204, 0.9997754693031311]"
25.6,73.6,4.9,9.3,23.1,-0.1,1.08,18.8,547.0,3 (Good),3 (Good),"[6.899986328789964e-05, 6.670459697488695e-05, 0.0007951055304147303, 0.9990692734718323]"
44.4,102.1,35.4,54.7,55.5,25.5,1.79,3.0,772.0,0 (Hazardous),0 (Hazardous),"[0.8830355405807495, 0.11693612486124039, 2.4049986677709967e-05, 4.297941359254764e-06]"
19.3,46.8,22.4,25.0,13.5,5.3,1.17,10.3,230.0,3 (Good),3 (Good),"[8.329166303155944e-05, 8.963886648416519e-05, 0.001662491005845368, 0.9981645941734314]"
25.2,63.2,8.9,19.6,41.7,9.9,2.14,5.1,473.0,1 (Poor),1 (Poor),"[0.022510947659611702, 0.7852907180786133, 0.19154907763004303, 0.0006492474931292236]"
17.2,65.1,7.8,11.3,24.1,3.6,0.94,11.8,566.0,3 (Good),3 (Good),"[1.2185836567368824e-05, 1.3627538464788813e-05, 0.000276663078693673, 0.9996975660324097]"
32.5,55.8,1.0,13.5,34.3,9.7,1.84,6.0,325.0,2 (Moderate),2 (Moderate),"[0.000859447696711868, 0.1180284395813942, 0.8796448111534119, 0.001467276131734252]"
30.0,61.7,0.1,15.6,19.2,8.0,1.83,5.3,529.0,2 (Moderate),2 (Moderate),"[0.00014805980026721954, 0.039603378623723984, 0.9596710801124573, 0.0005774784949608147]"
26.7,48.8,20.7,26.9,11.6,5.3,0.97,10.6,385.0,3 (Good),3 (Good),"[2.7422742277849466e-05, 2.734030204010196e-05, 0.0005877343355678022, 0.9993575215339661]"
41.2,93.0,24.2,44.3,33.9,12.6,2.09,5.3,732.0,1 (Poor),1 (Poor),"[0.26443684101104736, 0.723560631275177, 0.01163631584495306, 0.0003661678929347545]"
27.1,63.0,1.7,5.2,25.0,4.9,1.02,11.4,583.0,3 (Good),3 (Good),"[0.00021238773479126394, 0.0002768439589999616, 0.005109261255711317, 0.9944015145301819]"
30.7,75.8,37.3,50.0,26.0,13.6,1.34,5.9,415.0,2 (Moderate),2 (Moderate),"[6.238048808882013e-05, 0.01640455797314644, 0.9824008345603943, 0.001132275676354766]"
25.1,67.2,16.3,21.1,19.9,7.6,0.83,10.0,471.0,3 (Good),3 (Good),"[7.343712786678225e-05, 9.146748925559223e-05, 0.00174901622813195, 0.9980860948562622]"
26.2,57.2,3.9,3.9,20.0,3.9,0.94,14.9,290.0,3 (Good),3 (Good),"[1.2095280226276373e-06, 1.2358563026282354e-06, 3.282184843556024e-05, 0.999964714050293]"
29.5,53.5,12.2,22.2,26.8,10.0,1.49,8.0,438.0,2 (Moderate),2 (Moderate),"[7.006888154137414e-06, 0.002706394996494055, 0.996179461479187, 0.0011071065673604608]"
32.7,60.5,13.5,27.2,22.9,9.3,1.45,8.7,322.0,2 (Moderate),2 (Moderate),"[1.1063382771681063e-05, 0.0030641809571534395, 0.9950344562530518, 0.0018903226591646671]"
28.0,64.0,5.0,10.8,15.5,3.4,0.88,12.4,470.0,3 (Good),3 (Good),"[4.04456795877195e-06, 4.3769300646090414e-06, 0.00010138554353034124, 0.9998902082443237]"
48.6,83.7,75.8,98.3,52.7,17.1,2.02,3.6,843.0,0 (Hazardous),0 (Hazardous),"[0.8672125935554504, 0.1327468752861023, 3.5440756619209424e-05, 5.040239102527266e-06]"
27.4,41.0,12.9,18.9,23.7,4.2,1.01,12.2,264.0,3 (Good),3 (Good),"[4.850104596698657e-05, 5.554217204917222e-05, 0.0009820259874686599, 0.9989138841629028]"
49.5,99.9,0.8,26.1,28.8,17.1,1.8,4.8,755.0,0 (Hazardous),0 (Hazardous),"[0.6177574396133423, 0.3807016611099243, 0.0014161504805088043, 0.00012472188973333687]"
26.8,60.5,1.3,9.1,16.4,4.6,0.94,11.5,359.0,3 (Good),3 (Good),"[8.605126822658349e-06, 9.142881935986225e-06, 0.00020129710901528597, 0.9997809529304504]"
33.9,63.1,2.2,11.7,21.1,17.9,2.55,8.9,680.0,1 (Poor),1 (Poor),"[0.034910861402750015, 0.8776887059211731, 0.08686522394418716, 0.0005353240994736552]"
30.8,55.6,15.0,22.3,22.0,15.9,1.64,6.1,451.0,2 (Moderate),2 (Moderate),"[0.00012081120803486556, 0.030504396185278893, 0.9684069156646729, 0.0009678856586106122]"
28.1,65.8,3.1,8.6,14.6,5.2,0.86,10.9,370.0,3 (Good),3 (Good),"[9.214803867507726e-06, 9.721714377519675e-06, 0.00020740518812090158, 0.9997736811637878]"
30.0,85.3,9.2,18.2,25.8,5.2,1.42,10.2,503.0,2 (Moderate),2 (Moderate),"[9.792926721274853e-05, 0.011317833326756954, 0.981872022151947, 0.006712276954203844]"
21.5,73.3,1.8,8.5,18.6,8.3,0.94,13.1,207.0,3 (Good),3 (Good),"[1.4298923815658782e-05, 1.3736264008912258e-05, 0.0002803789684548974, 0.9996916055679321]"
34.9,63.0,59.7,69.2,29.5,8.2,1.07,5.2,568.0,2 (Moderate),2 (Moderate),"[9.307712025474757e-05, 0.013875105418264866, 0.9837741851806641, 0.002257605316117406]"
32.2,42.8,24.8,37.3,26.9,16.8,1.16,5.8,453.0,2 (Moderate),2 (Moderate),"[9.60031320573762e-05, 0.016964325681328773, 0.9812620282173157, 0.0016776130069047213]"
24.3,45.0,21.7,24.7,20.9,8.3,0.86,12.5,388.0,3 (Good),3 (Good),"[8.85248118720483e-06, 8.819869435683358e-06, 0.00021073882817290723, 0.9997716546058655]"
26.2,74.2,5.5,11.7,17.3,3.6,0.83,10.2,383.0,3 (Good),3 (Good),"[1.1944778634642716e-05, 1.2848382539232261e-05, 0.0002591414377093315, 0.9997161030769348]"
38.2,95.2,63.5,88.2,37.3,12.5,1.6,7.1,689.0,1 (Poor),1 (Poor),"[0.06390798836946487, 0.8618446588516235, 0.07334128767251968, 0.0009060199372470379]"
23.1,39.7,23.4,27.8,20.4,9.6,1.06,10.5,314.0,3 (Good),3 (Good),"[0.00023182763834483922, 0.000311041425447911, 0.007977056317031384, 0.9914801120758057]"
21.8,43.0,13.5,17.0,12.5,2.5,0.99,13.0,623.0,3 (Good),3 (Good),"[5.987526492390316e-07, 4.902612431578746e-07, 1.659167537582107e-05, 0.9999823570251465]"
35.1,95.2,39.8,74.7,43.3,30.7,2.55,5.2,610.0,0 (Hazardous),0 (Hazardous),"[0.8577371835708618, 0.14221534132957458, 4.1219878767151386e-05, 6.239155027287779e-06]"
33.9,65.9,11.6,23.8,25.1,11.2,1.13,7.3,427.0,2 (Moderate),2 (Moderate),"[1.0267553079756908e-05, 0.0028853698167949915, 0.9954981803894043, 0.0016062625218182802]"
26.4,58.3,2.9,7.5,21.3,3.9,0.89,10.8,244.0,3 (Good),3 (Good),"[7.305523013201309e-06, 7.790733434376307e-06, 0.00017221520829480141, 0.999812662601471]"
28.7,63.6,4.2,10.2,20.8,3.2,0.92,11.6,487.0,3 (Good),3 (Good),"[2.9862372684874572e-05, 3.659997310023755e-05, 0.0007756861741654575, 0.9991579055786133]"
24.1,47.7,15.6,17.9,17.7,2.9,1.02,12.9,426.0,3 (Good),3 (Good),"[2.6599745979183353e-06, 2.580484988357057e-06, 6.860524445073679e-05, 0.9999260902404785]"
30.3,58.1,1.8,13.5,29.6,6.5,1.54,8.5,524.0,2 (Moderate),2 (Moderate),"[1.4348966033139732e-05, 0.004396419040858746, 0.9940969944000244, 0.00149221729952842]"
28.9,99.1,29.9,46.2,42.8,6.1,1.99,4.7,594.0,0 (Hazardous),1 (Poor),"[0.07042251527309418, 0.8739155530929565, 0.055277422070503235, 0.0003845323226414621]"
24.5,60.1,5.4,12.5,27.4,5.4,0.98,10.5,476.0,3 (Good),3 (Good),"[0.00022178460494615138, 0.0003055747947655618, 0.006339067593216896, 0.993133544921875]"
26.7,48.8,19.7,23.8,31.8,5.3,1.27,5.3,538.0,2 (Moderate),2 (Moderate),"[5.1801284826069605e-06, 0.0021783567499369383, 0.997061550617218, 0.0007548613357357681]"
26.4,76.1,16.6,21.8,20.2,5.7,1.73,5.3,633.0,2 (Moderate),2 (Moderate),"[0.00020516591030173004, 0.032534562051296234, 0.9659205079078674, 0.0013396843569353223]"
24.5,51.9,14.5,21.4,13.4,3.7,1.08,11.3,379.0,3 (Good),3 (Good),"[2.068149478873238e-05, 2.0915365894325078e-05, 0.0004610236210282892, 0.9994974136352539]"
25.4,73.2,28.7,35.4,12.3,6.0,1.13,10.1,371.0,3 (Good),3 (Good),"[0.0005391117883846164, 0.0008672148105688393, 0.020200274884700775, 0.9783933758735657]"
32.4,63.5,6.4,14.7,38.5,11.4,1.81,3.8,501.0,1 (Poor),1 (Poor),"[0.02011745795607567, 0.8032442331314087, 0.1761557012796402, 0.0004826387157663703]"
25.1,61.9,10.8,17.0,13.3,1.1,0.87,10.7,401.0,3 (Good),3 (Good),"[2.37844278672128e-06, 2.2842043563287007e-06, 6.0501904954435304e-05, 0.9999347925186157]"
24.6,62.9,0.6,2.6,29.2,4.8,0.99,11.2,387.0,3 (Good),3 (Good),"[0.00012049798533553258, 0.00014984938025008887, 0.0030747007112950087, 0.9966549873352051]"
23.0,40.9,21.6,25.2,21.5,3.4,1.02,14.8,215.0,3 (Good),3 (Good),"[3.661755954453838e-06, 4.112341684958665e-06, 8.291142876259983e-05, 0.9999092817306519]"
24.6,49.7,25.1,26.5,16.4,7.9,1.22,11.2,236.0,3 (Good),3 (Good),"[0.0002548019401729107, 0.00032258644932881, 0.004902299027889967, 0.994520366191864]"
39.3,76.0,38.4,49.6,23.5,26.8,2.06,3.4,452.0,1 (Poor),1 (Poor),"[0.0715310126543045, 0.903908908367157, 0.024420831352472305, 0.0001392944250255823]"
43.1,116.3,104.3,136.6,36.6,15.8,3.72,5.4,688.0,0 (Hazardous),0 (Hazardous),"[0.9772860407829285, 0.02271387167274952, 9.115079535604309e-08, 1.6731455332319456e-08]"
25.6,52.6,1.9,3.6,13.5,6.2,1.07,11.4,492.0,3 (Good),3 (Good),"[2.0553179638227448e-05, 2.176262751163449e-05, 0.00045168984797783196, 0.9995059967041016]"
25.6,49.2,1.5,5.8,10.9,3.8,1.04,15.7,293.0,3 (Good),3 (Good),"[2.793925375499384e-07, 2.509264049876947e-07, 8.390150469494984e-06, 0.9999910593032837]"
24.2,42.1,1.7,7.3,14.0,8.2,1.13,10.3,258.0,3 (Good),3 (Good),"[0.00019448273815214634, 0.0002409584412816912, 0.004934652242809534, 0.9946298599243164]"
39.0,107.1,23.9,45.0,46.1,25.8,2.65,3.4,756.0,0 (Hazardous),0 (Hazardous),"[0.9122767448425293, 0.087714783847332, 7.30566716811154e-06, 1.167854861705564e-06]"
44.8,113.0,30.2,52.0,41.5,23.3,2.53,3.3,677.0,0 (Hazardous),0 (Hazardous),"[0.9084308743476868, 0.09156031161546707, 7.663433279958554e-06, 1.106946797335695e-06]"
39.2,111.2,25.7,46.9,45.6,25.2,2.25,4.5,692.0,0 (Hazardous),0 (Hazardous),"[0.8339049220085144, 0.16600599884986877, 7.6770105806645e-05, 1.2298547517275438e-05]"
32.5,72.1,26.5,42.4,35.3,2.0,1.94,5.6,510.0,1 (Poor),1 (Poor),"[0.009820105507969856, 0.5200002789497375, 0.467900812625885, 0.002278759377077222]"
21.7,69.0,7.3,12.7,21.1,6.2,0.94,10.4,593.0,3 (Good),3 (Good),"[0.00011839487706311047, 0.00015533088298980147, 0.002811653073877096, 0.9969146251678467]"
30.0,58.9,10.5,25.9,33.6,12.6,1.28,7.2,347.0,2 (Moderate),2 (Moderate),"[1.8865450329030864e-05, 0.005077175330370665, 0.9933732748031616, 0.0015307437861338258]"
35.6,70.9,18.5,44.0,43.3,12.5,1.71,5.0,484.0,1 (Poor),1 (Poor),"[0.03859627991914749, 0.8850407004356384, 0.07600151002407074, 0.00036149847437627614]"
30.5,70.7,23.4,30.5,32.8,10.8,1.49,7.5,466.0,2 (Moderate),2 (Moderate),"[6.131884583737701e-05, 0.013070998713374138, 0.9846828579902649, 0.002184856915846467]"
42.9,104.0,52.5,80.9,22.9,13.0,2.42,4.4,680.0,1 (Poor),0 (Hazardous),"[0.6475028991699219, 0.3514717221260071, 0.0009413328371010721, 8.404110121773556e-05]"
50.4,85.1,8.9,33.5,36.5,19.2,2.4,4.4,778.0,0 (Hazardous),0 (Hazardous),"[0.8378624320030212, 0.16206581890583038, 6.323309935396537e-05, 8.599426109867636e-06]"
35.7,82.0,40.5,57.9,25.3,13.6,2.14,7.7,614.0,1 (Poor),1 (Poor),"[0.029272766783833504, 0.8259003758430481, 0.14389152824878693, 0.0009354081121273339]"
33.8,66.9,5.8,11.0,15.4,-1.2,1.06,14.4,298.0,3 (Good),3 (Good),"[4.228483157930896e-05, 4.768228609464131e-05, 0.0007527716807089746, 0.9991573095321655]"
32.3,52.4,24.4,30.9,27.7,6.5,0.95,10.7,436.0,3 (Good),3 (Good),"[0.0010720507707446814, 0.0017586300382390618, 0.040032029151916504, 0.9571373462677002]"
28.1,39.9,2.8,7.6,18.2,4.8,1.08,10.8,470.0,3 (Good),3 (Good),"[0.00010390145325800404, 0.00012868705380242318, 0.0029771514236927032, 0.9967902302742004]"
22.8,59.5,14.2,18.9,24.0,5.0,0.79,15.9,528.0,3 (Good),3 (Good),"[1.0615226528898347e-06, 1.0138311381524545e-06, 2.870451135095209e-05, 0.9999692440032959]"
35.1,47.6,23.8,31.7,26.6,14.5,1.35,6.9,565.0,2 (Moderate),2 (Moderate),"[4.4458236516220495e-05, 0.009548383764922619, 0.988707423210144, 0.0016997071215882897]"
31.2,60.4,2.5,5.5,22.1,15.1,2.06,3.6,732.0,1 (Poor),1 (Poor),"[0.022563675418496132, 0.8622629642486572, 0.11493673175573349, 0.00023659180442336947]"
36.6,97.4,13.3,31.4,28.7,28.5,2.04,3.4,678.0,1 (Poor),1 (Poor),"[0.3433212637901306, 0.6527501344680786, 0.0038360191974788904, 9.268870780942962e-05]"
28.1,67.8,2.0,6.9,21.5,1.1,0.85,11.0,344.0,3 (Good),3 (Good),"[5.605778824246954e-06, 6.189115538290935e-06, 0.0001432462886441499, 0.9998449087142944]"
26.8,90.0,40.8,65.7,33.3,24.0,2.55,10.8,672.0,1 (Poor),1 (Poor),"[0.28701743483543396, 0.698976457118988, 0.013459108769893646, 0.0005470151081681252]"
30.6,55.6,6.2,23.0,25.0,10.4,1.38,6.3,354.0,2 (Moderate),2 (Moderate),"[4.371084742160747e-06, 0.002505816984921694, 0.9969590902328491, 0.0005307384417392313]"
22.3,70.1,2.6,10.4,26.8,2.9,1.2,10.1,388.0,3 (Good),3 (Good),"[0.0009286860004067421, 0.0016312444349750876, 0.03613269329071045, 0.9613074064254761]"
23.9,39.6,1.3,5.7,23.2,6.4,0.93,11.2,569.0,3 (Good),3 (Good),"[3.7876132410019636e-05, 4.499429269344546e-05, 0.0010330583900213242, 0.9988840222358704]"
33.4,59.9,33.0,41.0,25.4,10.8,1.64,7.0,406.0,2 (Moderate),2 (Moderate),"[4.345528213889338e-05, 0.012329719960689545, 0.9865201711654663, 0.0011066917795687914]"
21.6,61.6,1.1,6.8,16.2,5.9,1.01,15.6,398.0,3 (Good),3 (Good),"[2.142210405509104e-06, 2.1166533770156093e-06, 4.8699464969104156e-05, 0.9999470710754395]"
29.3,77.9,37.0,47.7,29.1,15.4,2.14,3.5,691.0,1 (Poor),1 (Poor),"[0.0825640931725502, 0.8841115832328796, 0.03313188999891281, 0.00019248935859650373]"
23.8,61.3,3.1,4.7,25.4,7.9,1.06,12.5,238.0,3 (Good),3 (Good),"[0.0001352270192001015, 0.00016760513244662434, 0.002853235462680459, 0.9968439340591431]"
44.9,66.4,75.4,94.8,50.5,33.4,1.95,4.2,659.0,0 (Hazardous),0 (Hazardous),"[0.8113725781440735, 0.18847301602363586, 0.00013379477604757994, 2.0745883375639096e-05]"
36.5,62.0,42.7,54.8,25.3,21.7,2.48,3.5,623.0,1 (Poor),1 (Poor),"[0.1368570178747177, 0.8504950404167175, 0.012554124929010868, 9.383269207319245e-05]"
25.9,78.2,14.2,22.1,34.8,7.8,1.63,9.6,379.0,2 (Moderate),2 (Moderate),"[1.8372518752585165e-05, 0.0047133807092905045, 0.9931580424308777, 0.002110263565555215]"
33.3,70.1,55.1,72.7,40.5,30.7,2.12,4.9,612.0,0 (Hazardous),1 (Poor),"[0.36265286803245544, 0.6313591003417969, 0.005707711912691593, 0.0002803257084451616]"
36.6,90.5,21.9,33.1,30.7,19.9,2.3,7.2,443.0,1 (Poor),1 (Poor),"[0.07023730129003525, 0.8831217885017395, 0.04624384641647339, 0.00039695686427876353]"
25.0,81.8,20.2,28.7,17.5,2.3,1.06,10.6,386.0,3 (Good),3 (Good),"[0.00014718304737471044, 0.00018680050561670214, 0.003296725219115615, 0.9963692426681519]"
33.0,90.1,35.3,49.5,31.2,7.4,1.6,6.2,358.0,2 (Moderate),2 (Moderate),"[0.000286323280306533, 0.057092297822237015, 0.9414176344871521, 0.0012037354754284024]"
34.6,75.7,3.7,27.7,32.2,3.9,1.91,3.6,703.0,1 (Poor),1 (Poor),"[0.09004798531532288, 0.8837606310844421, 0.026012977585196495, 0.00017836541519500315]"
27.0,54.6,3.7,10.1,15.1,3.1,0.85,15.9,312.0,3 (Good),3 (Good),"[1.0045847176343159e-07, 8.686729557894068e-08, 3.3740800517989555e-06, 0.9999964237213135]"
32.2,76.4,0.0,10.3,24.0,11.0,1.49,5.9,347.0,2 (Moderate),2 (Moderate),"[2.5149960492854007e-05, 0.009702639654278755, 0.9895305633544922, 0.0007416079752147198]"
33.1,61.0,27.7,39.2,25.8,10.2,1.84,4.8,448.0,1 (Poor),2 (Moderate),"[0.004045890178531408, 0.3492920994758606, 0.6450019478797913, 0.0016600871458649635]"
50.2,85.1,14.4,31.2,30.7,16.5,1.85,6.7,537.0,1 (Poor),1 (Poor),"[0.14561456441879272, 0.8327684998512268, 0.02131986804306507, 0.0002971618960145861]"
41.5,68.2,3.4,15.4,24.5,6.4,1.38,4.8,748.0,1 (Poor),2 (Moderate),"[0.005693497601896524, 0.33396100997924805, 0.6578654646873474, 0.0024800922255963087]"
38.0,78.8,1.3,9.0,23.8,0.8,2.54,5.3,755.0,1 (Poor),1 (Poor),"[0.1285838633775711, 0.8505527377128601, 0.020596198737621307, 0.0002671225229278207]"
25.5,78.0,95.3,105.1,26.0,9.9,1.46,7.2,554.0,2 (Moderate),2 (Moderate),"[0.0003043007745873183, 0.04094576835632324, 0.9572730660438538, 0.0014768921537324786]"
36.1,81.4,44.9,50.8,33.5,15.6,1.42,5.3,660.0,1 (Poor),1 (Poor),"[0.009840968996286392, 0.5202581882476807, 0.46702879667282104, 0.0028720563277602196]"
33.5,70.8,8.1,16.3,22.0,15.9,1.63,5.1,527.0,2 (Moderate),2 (Moderate),"[0.0009199613123200834, 0.12597881257534027, 0.8715241551399231, 0.0015770820900797844]"
22.1,53.8,6.9,19.6,18.8,5.7,1.65,9.6,457.0,2 (Moderate),2 (Moderate),"[1.2259885806997772e-05, 0.002130531007423997, 0.9935676455497742, 0.004289648029953241]"
28.3,77.3,13.0,21.6,33.2,9.3,1.77,7.5,542.0,2 (Moderate),2 (Moderate),"[0.0005294688162393868, 0.07011986523866653, 0.9259661436080933, 0.003384471172466874]"
20.3,63.0,21.7,24.1,16.5,4.3,0.89,17.1,191.0,3 (Good),3 (Good),"[1.775091647004956e-07, 1.3128459386280156e-07, 4.205679033475462e-06, 0.9999954700469971]"
35.9,67.9,10.6,19.3,31.8,10.9,1.36,8.2,383.0,2 (Moderate),2 (Moderate),"[3.702576213981956e-05, 0.008849795907735825, 0.9895038604736328, 0.0016092470614239573]"
27.1,76.3,3.9,18.0,28.7,9.9,2.07,5.6,558.0,2 (Moderate),1 (Poor),"[0.013039392419159412, 0.669953465461731, 0.31622669100761414, 0.0007804170018061996]"
,,,,,,,,,Accuracy: 0.9340,467/500,
